Workbook
Name _: Dados!#REF!
Name __xlfn_CONCAT: NA()
Name __xlfn_COUNTIFS: NA()
Name __xlfn_IFERROR: NA()
Name DADOS: Dados!$A:$W
Name Excel_BuiltIn__FilterDatabase: Dados!$A$1:$W$1
Name FVU: FVU!$B$1:$E$19
Name LAUDO: Laudo!$R$1
Name LOCAL: Tabelas!$B$1:$F$42
Name MEDIDA: Tabelas!$H$1:$J$31
Name Print_Area: Laudo!$B$1:$S$46
Name RELATOR: Tabelas!$H$33:$J$37
Name Z_DE77BDAE_AAB9_4162_893C_9BE3B04FC21D__wvu_Cols: (Laudo!#REF!,Laudo!$I:$J,Laudo!$M:$N)
Name Z_DE77BDAE_AAB9_4162_893C_9BE3B04FC21D__wvu_Cols: 'RESUMO MENSAL'!$A:$A
Name Z_DE77BDAE_AAB9_4162_893C_9BE3B04FC21D__wvu_FilterData: Dados!$A$1:$W$207
Name Z_DE77BDAE_AAB9_4162_893C_9BE3B04FC21D__wvu_Rows: (Laudo!#REF!,Laudo!$43:$43)
Name Z_DE77BDAE_AAB9_4162_893C_9BE3B04FC21D__wvu_Rows: 'RESUMO MENSAL'!$1:$1

Sheet Tabelas
B1: CONTROLE DE PNEUS | H1: Listagem medidas de pneus
B2: MOVIMENTAÇÕES | H2: Código | I2: Descrição | J2: Valor
B3: LOCAL | C3: ALMOXARIFADO | D3: EMPRESA | E3: FILIAL | F3: GARAGEM | H3: 1 | I3: 295/80R22.5 | J3: 650
B4: 98 | C4: ANA LUCIA | D4: 4 | E4: 24 | F4: 17 | H4: 2 | I4: 275/80R22.5 | J4: 600
B5: 57 | C5: BRUMADINHO | D5: 4 | E5: 11 | F5: 2 | H5: 3 | I5: 11.00 R 22 | J5: 400
B6: 18 | C6: CAETE | D6: 1 | E6: 27 | F6: 3 | H6: 4 | I6: 215/75R17.5 | J6: 450
B7: 15 | C7: CAPELINHA | D7: 1 | E7: 30 | F7: 21 | H7: 5 | I7: 10.00 R 20 | J7: 350
B8: 35 | C8: CARMESIA | D8: 1 | E8: 15 | F8: 4 | H8: 6 | I8: 7.50 R16 | J8: 200
B9: 33 | C9: CEL FABRICIANO | D9: 2 | E9: 4 | F9: 46 | H9: 7 | I9: 11 R 22.5 | J9: 350
B10: 40 | C10: DUVAL DE BARROS | D10: 4 | E10: 1 | F10: 5 | H10: 8 | I10: 225/70R15 | J10: 100
B11: 220 | C11: GOIANIA | D11: 34 | E11: 1 | F11: 59 | H11: 9 | I11: 175/70R13 | J11: 100
B12: 12 | C12: GUANHAES | D12: 1 | E12: 18 | F12: 6 | H12: 10 | I12: 165/70R13 | J12: 100
B13: 28 | C13: IPATINGA | D13: 1 | E13: 33 | F13: 7 | H13: 11 | I13: 70/100R19 | J13: 100
B14: 4 | C14: ITABIRA | D14: 1 | E14: 10 | F14: 8 | H14: 12 | I14: 90/100R16 | J14: 100
B15: 55 | C15: ITAUNA | D15: 4 | E15: 9 | F15: 9 | H15: 13 | I15: 175/65R14 | J15: 100
... B28: 52 | C28: NOVA LIMA | D28: 4 | E28: 21 | F28: 91 | H28: 33 | I28: 195/55 R16 | J28: 100
B29: 30 | C29: NOVA VISTA | D29: 34 | E29: 5 | H29: 34 | I29: 185/60R15 | J29: 100
B30: 13 | C30: OLIVEIRA | D30: 1 | E30: 11 | F30: 15 | H30: 35 | I30: 225/75 R15 | J30: 100
B31: 2 | C31: PNEUS | D31: 1 | E31: 1 | F31: 1 | H31: 36 | I31: 205/70R15 | J31: 100
B32: 75 | C32: SALINAS | D32: 31 | E32: 4 | F32: 116
B33: 61 | C33: SARZEDO | D33: 4 | E33: 15 | F33: 16 | H33: RG: | I33: NOME
B34: 360 | C34: SETE LAGOAS | D34: 1 | E34: 26 | F34: 18 | H34: 2987 | I34: CAUA RAYLANDER
B35: 27 | C35: TIMOTEO | D35: 2 | E35: 3 | F35: 23 | H35: 13970 | I35: Natália B. Santos
B36: 71 | C36: TRANSNORTE CARGAS | D36: 30 | E36: 2 | F36: 112 | H36: 16196 | I36: Everson Veloso
B37: 70 | C37: TRANSNORTE M. CLAROS | D37: 31 | E37: 1 | F37: 111 | H37: 2631 | I37: Andre D' Cezari
B38: 72 | C38: TRANSNORTE PEDRO II | D38: 30 | E38: 3 | F38: 113
B39: 56 | C39: UBERLANDIA | D39: 4 | E39: 10 | F39: 90
B40: 60 | C40: VARGINHA | D40: 4 | E40: 14 | F40: 19
B41: 990 | C41: VENEZA | D41: 1 | E41: 40 | F41: 99
B42: 59 | C42: VESPASIANO | D42: 4 | E42: 13 | F42: 14

Sheet Dados
A1: LAUDO Nº | B1: FOGO | G1: UNIDADE | J1: ANÁLISE | K1: Nº REF. | L1: KM POSIÇÃO | M1: KM TOTAL | N1: VALOR | O1: STATUS | P1: RETORNO | Q1: DESCONTO | R1: FVU | S1: 2262 | T1: CAUSAS PROVAVEIS | U1: COMPLEMENTO | V1: RELATOR | X1: MÊS | Y1: DIAS PENDENTE | Z1: CATEGORIA
A2: 2297 | B2: 23507 | C2: 2 | D2: =IFERROR(VLOOKUP(C2,MEDIDA,2,FALSE),"") -> 275/80R22.5 | E2: 20718 | F2: TDE | G2: 98 | H2: =IFERROR(VLOOKUP(G2,LOCAL,2,FALSE),"") -> ANA LUCIA | I2: 44918 | J2: 44932 | K2: 0 | L2: 7452 | M2: 56385 | N2: =IFERROR(VLOOKUP(C2,MEDIDA,3,FALSE),"") -> 600 | R2: 45F | S2: =IFERROR(VLOOKUP(R2,FVU,2,FALSE),"") -> Feridas acidentais no flanco. | T2: =IFERROR(VLOOKUP(R2,FVU,3,FALSE),"") -> Objetos pontiagudos, pontas de guias, meio-fio. | U2: =IFERROR(VLOOKUP(R2,FVU,4,FALSE),"") -> Impacto lateral proveniente de erro operacional, solicito avaliação de cobrança. | V2: 16196 | W2: =IFERROR(VLOOKUP(V2,RELATOR,2,FALSE),"") -> Everson Veloso
A3: =IF(B3>0,A2+1,"") -> 2298 | B3: 22715 | C3: 2 | D3: =IFERROR(VLOOKUP(C3,MEDIDA,2,FALSE),"") -> 275/80R22.5 | E3: 90370 | F3: TEE | G3: 990 | H3: =IFERROR(VLOOKUP(G3,LOCAL,2,FALSE),"") -> VENEZA | I3: 44919 | J3: 44932 | K3: 1 | L3: 53172 | M3: 162534 | N3: =IFERROR(VLOOKUP(C3,MEDIDA,3,FALSE),"") -> 600 | R3: 70R | S3: =IFERROR(VLOOKUP(R3,FVU,2,FALSE),"") -> Rachadura na zona baixa do talão. | T3: =IFERROR(VLOOKUP(R3,FVU,3,FALSE),"") -> Aquecimento excessivo proveniente de anomalias do sistema de freio, mau posicionamento do pneu sobre o aro/roda, roda em mau estado de conservação, uso excessivo dos freios devido a velocidade incompatível com a via, pressão abaixo do recomendado rodas sujas e/ou em má condições de uso. | U3: =IFERROR(VLOOKUP(R3,FVU,4,FALSE),"") -> Verificar equalização das rodas (diferença de temperatura acima de 5°), efetuar inspeção no veículo (simetria das forquilhas, pressão dos cilindros, regulagem dos freios, folga nos eixos, tambores de freio, lonas e catracas), caso esteja tudo normal verificar a operação do condutor (instrutores). | V3: 16196 | W3: =IFERROR(VLOOKUP(V3,RELATOR,2,FALSE),"") -> Everson Veloso
A4: =IF(B4>0,A3+1,"") -> 2299 | B4: 21814 | C4: 2 | D4: =IFERROR(VLOOKUP(C4,MEDIDA,2,FALSE),"") -> 275/80R22.5 | E4: 90343 | F4: TDI | G4: 990 | H4: =IFERROR(VLOOKUP(G4,LOCAL,2,FALSE),"") -> VENEZA | I4: 45284 | J4: 44932 | K4: 1 | L4: 19444 | M4: 208274 | N4: =IFERROR(VLOOKUP(C4,MEDIDA,3,FALSE),"") -> 600 | R4: 70Q | S4: =IFERROR(VLOOKUP(R4,FVU,2,FALSE),"") -> Alteração na zona baixa do talão. | T4: =IFERROR(VLOOKUP(R4,FVU,3,FALSE),"") -> Aquecimento excessivo proveniente de anomalias do sistema de freio, mau posicionamento do pneu sobre o aro/roda, uso excessivo dos freios devido a velocidade incompatível com a via, pressão abaixo do recomendado rodas sujas e/ou em má condições de uso. | U4: =IFERROR(VLOOKUP(R4,FVU,4,FALSE),"") -> Verificar equalização das rodas (diferença de temperatura acima de 5°), efetuar inspeção no veículo (simetria das forquilhas, pressão dos cilindros, regulagem dos freios, folga nos eixos, tambores de freio, lonas e catracas). Efetuar limpezas e pinturas das rodas, caso esteja tudo normal verificar a operação do condutor (instrutores). | V4: 16196 | W4: =IFERROR(VLOOKUP(V4,RELATOR,2,FALSE),"") -> Everson Veloso
A5: =IF(B5>0,A4+1,"") -> 2300 | B5: 21242 | C5: 2 | D5: =IFERROR(VLOOKUP(C5,MEDIDA,2,FALSE),"") -> 275/80R22.5 | E5: 90351 | F5: TEI | G5: 990 | H5: =IFERROR(VLOOKUP(G5,LOCAL,2,FALSE),"") -> VENEZA | I5: 44916 | J5: 44932 | K5: 1 | L5: 11404 | M5: 235773 | N5: =IFERROR(VLOOKUP(C5,MEDIDA,3,FALSE),"") -> 600 | R5: 70K | S5: =IFERROR(VLOOKUP(R5,FVU,2,FALSE),"") -> Separações no talão e rupturas dos reforços. | T5: =IFERROR(VLOOKUP(R5,FVU,3,FALSE),"") -> Aquecimento excessivo no tambor de freio, utilização com sobrecarga ou baixa pressão, mau posicionamento do pneu sobre o aro/roda, uso excessivo dos freios devido a velocidade incompatível com a via. | U5: =IFERROR(VLOOKUP(R5,FVU,4,FALSE),"") -> Verificar equalização das rodas (diferença de temperatura acima de 5°), efetuar inspeção no veículo (simetria das forquilhas, pressão dos cilindros, regulagem dos freios, folga nos eixos, tambores de freio, lonas e catracas), caso esteja tudo normal verificar a operação do condutor (instrutores). | V5: 16196 | W5: =IFERROR(VLOOKUP(V5,RELATOR,2,FALSE),"") -> Everson Veloso
A6: =IF(B6>0,A5+1,"") -> 2301 | B6: 24679 | C6: 2 | D6: =IFERROR(VLOOKUP(C6,MEDIDA,2,FALSE),"") -> 275/80R22.5 | E6: 7463 | F6: DD | G6: 56 | H6: =IFERROR(VLOOKUP(G6,LOCAL,2,FALSE),"") -> UBERLANDIA | I6: 44914 | J6: 44932 | K6: 0 | L6: 5706 | M6: 45828 | N6: =IFERROR(VLOOKUP(C6,MEDIDA,3,FALSE),"") -> 600 | R6: 45D | S6: =IFERROR(VLOOKUP(R6,FVU,2,FALSE),"") -> Desgaste irregular da Banda de Rodagem. | T6: =IFERROR(VLOOKUP(R6,FVU,3,FALSE),"") -> Folgas nas mangas, cubos, buchas estouradas, veículo desalinhado. | U6: =IFERROR(VLOOKUP(R6,FVU,4,FALSE),"") -> Verificar folgas nas mangas, cubos e eixos, verificar buchas das barras, amortecedores e suspensão em geral, verificar alinhamento do veículo. Orientar o colaborador a efetuar rodízios e "viradas na roda" quando necessário, além de fazer o acompanhamento das profundidades dos sulcos no pneu. | V6: 16196 | W6: =IFERROR(VLOOKUP(V6,RELATOR,2,FALSE),"") -> Everson Veloso
A7: =IF(B7>0,A6+1,"") -> 2302 | B7: 23949 | C7: 2 | D7: =IFERROR(VLOOKUP(C7,MEDIDA,2,FALSE),"") -> 275/80R22.5 | E7: 7517 | F7: DE | G7: 56 | H7: =IFERROR(VLOOKUP(G7,LOCAL,2,FALSE),"") -> UBERLANDIA | I7: 44918 | J7: 44932 | K7: 0 | L7: 6800 | M7: 73089 | N7: =IFERROR(VLOOKUP(C7,MEDIDA,3,FALSE),"") -> 600 | R7: 48D | S7: =IFERROR(VLOOKUP(R7,FVU,2,FALSE),"") -> Desgaste da Banda de Rodagem por utilização extrema. | T7: =IFERROR(VLOOKUP(R7,FVU,3,FALSE),"") -> Roda travada, "calo" no tambor de freio, utilização extrema , excessiva. | U7: =IFERROR(VLOOKUP(R7,FVU,4,FALSE),"") -> Verificar rodas e tambores de freio, verificar negligência do borracheiro e caso procedente efetuar a cobrança. | V7: 16196 | W7: =IFERROR(VLOOKUP(V7,RELATOR,2,FALSE),"") -> Everson Veloso
A8: =IF(B8>0,A7+1,"") -> 2303 | B8: 23377 | C8: 1 | D8: =IFERROR(VLOOKUP(C8,MEDIDA,2,FALSE),"") -> 295/80R22.5 | E8: 7616 | F8: DE | G8: 56 | H8: =IFERROR(VLOOKUP(G8,LOCAL,2,FALSE),"") -> UBERLANDIA | I8: 44915 | J8: 44932 | K8: 0 | L8: 6075 | M8: 65202 | N8: =IFERROR(VLOOKUP(C8,MEDIDA,3,FALSE),"") -> 650 | R8: 52H | S8: =IFERROR(VLOOKUP(R8,FVU,2,FALSE),"") -> Rodagem sem ar ou com flexão importante no flanco. | T8: =IFERROR(VLOOKUP(R8,FVU,3,FALSE),"") -> Perfurações no topo ou flanco, rodas ou aros danificados, rodagem prolongada sem ar ou baixa pressão, desgaste no flanco por atrito com o solo ou entre germinados. | U8: =IFERROR(VLOOKUP(R8,FVU,4,FALSE),"") -> Condutor rodou com o pneu vazio. Solicito avaliação de cobrança. | V8: 16196 | W8: =IFERROR(VLOOKUP(V8,RELATOR,2,FALSE),"") -> Everson Veloso
A9: =IF(B9>0,A8+1,"") -> 2304 | B9: 24574 | C9: 2 | D9: =IFERROR(VLOOKUP(C9,MEDIDA,2,FALSE),"") -> 275/80R22.5 | E9: 7466 | F9: DE | G9: 56 | H9: =IFERROR(VLOOKUP(G9,LOCAL,2,FALSE),"") -> UBERLANDIA | I9: 44919 | J9: 44932 | K9: 0 | L9: 5375 | M9: 71672 | N9: =IFERROR(VLOOKUP(C9,MEDIDA,3,FALSE),"") -> 600 | R9: 45D | S9: =IFERROR(VLOOKUP(R9,FVU,2,FALSE),"") -> Desgaste irregular da Banda de Rodagem. | T9: =IFERROR(VLOOKUP(R9,FVU,3,FALSE),"") -> Folgas nas mangas, cubos, buchas estouradas, veículo desalinhado. | U9: =IFERROR(VLOOKUP(R9,FVU,4,FALSE),"") -> Verificar folgas nas mangas, cubos e eixos, verificar buchas das barras, amortecedores e suspensão em geral, verificar alinhamento do veículo. Orientar o colaborador a efetuar rodízios e "viradas na roda" quando necessário, além de fazer o acompanhamento das profundidades dos sulcos no pneu. | V9: 16196 | W9: =IFERROR(VLOOKUP(V9,RELATOR,2,FALSE),"") -> Everson Veloso
A10: =IF(B10>0,A9+1,"") -> 2305 | B10: 24246 | C10: 1 | D10: =IFERROR(VLOOKUP(C10,MEDIDA,2,FALSE),"") -> 295/80R22.5 | E10: 7610 | F10: TKDE | G10: 56 | H10: =IFERROR(VLOOKUP(G10,LOCAL,2,FALSE),"") -> UBERLANDIA | I10: 44917 | J10: 44932 | K10: 0 | L10: 48389 | M10: 48389 | N10: =IFERROR(VLOOKUP(C10,MEDIDA,3,FALSE),"") -> 650 | R10: 45R | S10: =IFERROR(VLOOKUP(R10,FVU,2,FALSE),"") -> Pneu não ressulcado | T10: =IFERROR(VLOOKUP(R10,FVU,3,FALSE),"") -> Negligência e/ou não realização do serviço de ressulcagem. | U10: =IFERROR(VLOOKUP(R10,FVU,4,FALSE),"") -> Realizar a ressulcagem dos pneus respeitando os procedimentos conforme manual de ressulcagem. | V10: 16196 | W10: =IFERROR(VLOOKUP(V10,RELATOR,2,FALSE),"") -> Everson Veloso
A11: =IF(B11>0,A10+1,"") -> 2306 | B11: 25351 | C11: 2 | D11: =IFERROR(VLOOKUP(C11,MEDIDA,2,FALSE),"") -> 275/80R22.5 | E11: 7327 | F11: DE | G11: 56 | H11: =IFERROR(VLOOKUP(G11,LOCAL,2,FALSE),"") -> UBERLANDIA | I11: 44889 | J11: 44932 | K11: 0 | L11: 16042 | M11: 41528 | N11: =IFERROR(VLOOKUP(C11,MEDIDA,3,FALSE),"") -> 600 | R11: 45D | S11: =IFERROR(VLOOKUP(R11,FVU,2,FALSE),"") -> Desgaste irregular da Banda de Rodagem. | T11: =IFERROR(VLOOKUP(R11,FVU,3,FALSE),"") -> Folgas nas mangas, cubos, buchas estouradas, veículo desalinhado. | U11: =IFERROR(VLOOKUP(R11,FVU,4,FALSE),"") -> Verificar folgas nas mangas, cubos e eixos, verificar buchas das barras, amortecedores e suspensão em geral, verificar alinhamento do veículo. Orientar o colaborador a efetuar rodízios e "viradas na roda" quando necessário, além de fazer o acompanhamento das profundidades dos sulcos no pneu. | V11: 16196 | W11: =IFERROR(VLOOKUP(V11,RELATOR,2,FALSE),"") -> Everson Veloso
A12: =IF(B12>0,A11+1,"") -> 2307 | B12: 24067 | C12: 2 | D12: =IFERROR(VLOOKUP(C12,MEDIDA,2,FALSE),"") -> 275/80R22.5 | E12: 7321 | F12: TEI | G12: 56 | H12: =IFERROR(VLOOKUP(G12,LOCAL,2,FALSE),"") -> UBERLANDIA | I12: 44915 | J12: 44932 | K12: 0 | L12: 10610 | M12: 75910 | N12: =IFERROR(VLOOKUP(C12,MEDIDA,3,FALSE),"") -> 600 | R12: 45R | S12: =IFERROR(VLOOKUP(R12,FVU,2,FALSE),"") -> Pneu não ressulcado | T12: =IFERROR(VLOOKUP(R12,FVU,3,FALSE),"") -> Negligência e/ou não realização do serviço de ressulcagem. | U12: =IFERROR(VLOOKUP(R12,FVU,4,FALSE),"") -> Realizar a ressulcagem dos pneus respeitando os procedimentos conforme manual de ressulcagem. | V12: 16196 | W12: =IFERROR(VLOOKUP(V12,RELATOR,2,FALSE),"") -> Everson Veloso
A13: =IF(B13>0,A12+1,"") -> 2308 | B13: 23702 | C13: 2 | D13: =IFERROR(VLOOKUP(C13,MEDIDA,2,FALSE),"") -> 275/80R22.5 | E13: 7321 | F13: TEE | G13: 56 | H13: =IFERROR(VLOOKUP(G13,LOCAL,2,FALSE),"") -> UBERLANDIA | I13: 44915 | J13: 44932 | K13: 0 | L13: 10610 | M13: 68337 | N13: =IFERROR(VLOOKUP(C13,MEDIDA,3,FALSE),"") -> 600 | R13: 45R | S13: =IFERROR(VLOOKUP(R13,FVU,2,FALSE),"") -> Pneu não ressulcado | T13: =IFERROR(VLOOKUP(R13,FVU,3,FALSE),"") -> Negligência e/ou não realização do serviço de ressulcagem. | U13: =IFERROR(VLOOKUP(R13,FVU,4,FALSE),"") -> Realizar a ressulcagem dos pneus respeitando os procedimentos conforme manual de ressulcagem. | V13: 16196 | W13: =IFERROR(VLOOKUP(V13,RELATOR,2,FALSE),"") -> Everson Veloso
A14: =IF(B14>0,A13+1,"") -> 2309 | B14: 24423 | C14: 2 | D14: =IFERROR(VLOOKUP(C14,MEDIDA,2,FALSE),"") -> 275/80R22.5 | E14: 8417 | F14: DD | G14: 56 | H14: =IFERROR(VLOOKUP(G14,LOCAL,2,FALSE),"") -> UBERLANDIA | I14: 44918 | J14: 44932 | K14: 0 | L14: 26236 | M14: 97020 | N14: =IFERROR(VLOOKUP(C14,MEDIDA,3,FALSE),"") -> 600 | R14: 45D | S14: =IFERROR(VLOOKUP(R14,FVU,2,FALSE),"") -> Desgaste irregular da Banda de Rodagem. | T14: =IFERROR(VLOOKUP(R14,FVU,3,FALSE),"") -> Folgas nas mangas, cubos, buchas estouradas, veículo desalinhado. | U14: =IFERROR(VLOOKUP(R14,FVU,4,FALSE),"") -> Verificar folgas nas mangas, cubos e eixos, verificar buchas das barras, amortecedores e suspensão em geral, verificar alinhamento do veículo. Orientar o colaborador a efetuar rodízios e "viradas na roda" quando necessário, além de fazer o acompanhamento das profundidades dos sulcos no pneu. | V14: 16196 | W14: =IFERROR(VLOOKUP(V14,RELATOR,2,FALSE),"") -> Everson Veloso
... A135: =IF(B135>0,A134+1,"") -> 2430 | B135: 20385 | C135: 2 | D135: =IFERROR(VLOOKUP(C135,MEDIDA,2,FALSE),"") -> 275/80R22.5 | E135: 10645 | F135: TDE | G135: 870 | H135: =IFERROR(VLOOKUP(G135,LOCAL,2,FALSE),"") -> JUSTINOPOLIS | I135: 44966 | J135: 44980 | K135: 2 | L135: 25540 | M135: 158512 | N135: =IFERROR(VLOOKUP(C135,MEDIDA,3,FALSE),"") -> 600 | R135: 45F | S135: =IFERROR(VLOOKUP(R135,FVU,2,FALSE),"") -> Feridas acidentais no flanco. | T135: =IFERROR(VLOOKUP(R135,FVU,3,FALSE),"") -> Objetos pontiagudos, pontas de guias, meio-fio. | U135: =IFERROR(VLOOKUP(R135,FVU,4,FALSE),"") -> Impacto lateral proveniente de erro operacional, solicito avaliação de cobrança. | V135: 16196 | W135: =IFERROR(VLOOKUP(V135,RELATOR,2,FALSE),"") -> Everson Veloso
A136: =IF(B136>0,A135+1,"") -> 2431 | B136: 24679 | C136: 2 | D136: =IFERROR(VLOOKUP(C136,MEDIDA,2,FALSE),"") -> 275/80R22.5 | E136: S20500 | F136: TEE | G136: 870 | H136: =IFERROR(VLOOKUP(G136,LOCAL,2,FALSE),"") -> JUSTINOPOLIS | I136: 44966 | J136: 44980 | K136: 1 | L136: 4901 | M136: 50729 | N136: =IFERROR(VLOOKUP(C136,MEDIDA,3,FALSE),"") -> 600 | R136: 45F | S136: =IFERROR(VLOOKUP(R136,FVU,2,FALSE),"") -> Feridas acidentais no flanco. | T136: =IFERROR(VLOOKUP(R136,FVU,3,FALSE),"") -> Objetos pontiagudos, pontas de guias, meio-fio. | U136: =IFERROR(VLOOKUP(R136,FVU,4,FALSE),"") -> Impacto lateral proveniente de erro operacional, solicito avaliação de cobrança. | V136: 16196 | W136: =IFERROR(VLOOKUP(V136,RELATOR,2,FALSE),"") -> Everson Veloso
A137: =IF(B137>0,A136+1,"") -> 2432 | B137: 24388 | C137: 2 | D137: =IFERROR(VLOOKUP(C137,MEDIDA,2,FALSE),"") -> 275/80R22.5 | E137: 8433 | F137: DD | G137: 56 | H137: =IFERROR(VLOOKUP(G137,LOCAL,2,FALSE),"") -> UBERLANDIA | I137: 44965 | J137: 44980 | K137: 0 | L137: 4288 | M137: 42038 | N137: =IFERROR(VLOOKUP(C137,MEDIDA,3,FALSE),"") -> 600 | R137: 45D | S137: =IFERROR(VLOOKUP(R137,FVU,2,FALSE),"") -> Desgaste irregular da Banda de Rodagem. | T137: =IFERROR(VLOOKUP(R137,FVU,3,FALSE),"") -> Folgas nas mangas, cubos, buchas estouradas, veículo desalinhado. | U137: =IFERROR(VLOOKUP(R137,FVU,4,FALSE),"") -> Verificar folgas nas mangas, cubos e eixos, verificar buchas das barras, amortecedores e suspensão em geral, verificar alinhamento do veículo. Orientar o colaborador a efetuar rodízios e "viradas na roda" quando necessário, além de fazer o acompanhamento das profundidades dos sulcos no pneu. | V137: 16196 | W137: =IFERROR(VLOOKUP(V137,RELATOR,2,FALSE),"") -> Everson Veloso
A138: =IF(B138>0,A137+1,"") -> 2433 | B138: 102528 | C138: 2 | D138: =IFERROR(VLOOKUP(C138,MEDIDA,2,FALSE),"") -> 275/80R22.5 | E138: 25300 | F138: TEE | G138: 61 | H138: =IFERROR(VLOOKUP(G138,LOCAL,2,FALSE),"") -> SARZEDO | I138: 44968 | J138: 44980 | K138: 2 | L138: 4811 | M138: 223742 | N138: =IFERROR(VLOOKUP(C138,MEDIDA,3,FALSE),"") -> 600 | R138: 45F | S138: =IFERROR(VLOOKUP(R138,FVU,2,FALSE),"") -> Feridas acidentais no flanco. | T138: =IFERROR(VLOOKUP(R138,FVU,3,FALSE),"") -> Objetos pontiagudos, pontas de guias, meio-fio. | U138: =IFERROR(VLOOKUP(R138,FVU,4,FALSE),"") -> Impacto lateral proveniente de erro operacional, solicito avaliação de cobrança. | V138: 16196 | W138: =IFERROR(VLOOKUP(V138,RELATOR,2,FALSE),"") -> Everson Veloso
A139: =IF(B139>0,A138+1,"") -> 2434 | B139: 22299 | C139: 2 | D139: =IFERROR(VLOOKUP(C139,MEDIDA,2,FALSE),"") -> 275/80R22.5 | E139: 11200 | F139: TEI | G139: 98 | H139: =IFERROR(VLOOKUP(G139,LOCAL,2,FALSE),"") -> ANA LUCIA | I139: 44968 | J139: 44980 | K139: 2 | L139: 6995 | M139: 180997 | N139: =IFERROR(VLOOKUP(C139,MEDIDA,3,FALSE),"") -> 600 | R139: 71K | S139: =IFERROR(VLOOKUP(R139,FVU,2,FALSE),"") -> Quebra do talão durante a montagem ou desmontagem proveniente de aquecimento excessivo da roda. | T139: =IFERROR(VLOOKUP(R139,FVU,3,FALSE),"") -> Quebra do talão na montagem/desmontagem, utilização de ferramentas não adequadas, força excessiva ou desproporcional na montagem/desmontagem, pneu com talão baquelizado devido a aquecimento da roda ou baixa pressão. | U139: =IFERROR(VLOOKUP(R139,FVU,4,FALSE),"") -> Orientar o colaborador quanto a desmontagem. Verificar equalização das rodas (diferença de temperatura acima de 5°), efetuar inspeção no veículo (simetria das forquilhas, pressão dos cilindros, regulagem dos freios, folga nos eixos, tambores de freio, lonas e catracas).Efetuar limpezas e pinturas das rodas, caso esteja tudo normal verificar a operação do condutor (instrutores). | V139: 16196 | W139: =IFERROR(VLOOKUP(V139,RELATOR,2,FALSE),"") -> Everson Veloso
A140: =IF(B140>0,A139+1,"") -> 2435 | B140: 96413 | C140: 2 | D140: =IFERROR(VLOOKUP(C140,MEDIDA,2,FALSE),"") -> 275/80R22.5 | E140: 11188 | F140: TDI | G140: 98 | H140: =IFERROR(VLOOKUP(G140,LOCAL,2,FALSE),"") -> ANA LUCIA | I140: 44967 | J140: 44980 | K140: 2 | L140: 36367 | M140: 246903 | N140: =IFERROR(VLOOKUP(C140,MEDIDA,3,FALSE),"") -> 600 | R140: 71K | S140: =IFERROR(VLOOKUP(R140,FVU,2,FALSE),"") -> Quebra do talão durante a montagem ou desmontagem proveniente de aquecimento excessivo da roda. | T140: =IFERROR(VLOOKUP(R140,FVU,3,FALSE),"") -> Quebra do talão na montagem/desmontagem, utilização de ferramentas não adequadas, força excessiva ou desproporcional na montagem/desmontagem, pneu com talão baquelizado devido a aquecimento da roda ou baixa pressão. | U140: =IFERROR(VLOOKUP(R140,FVU,4,FALSE),"") -> Orientar o colaborador quanto a desmontagem. Verificar equalização das rodas (diferença de temperatura acima de 5°), efetuar inspeção no veículo (simetria das forquilhas, pressão dos cilindros, regulagem dos freios, folga nos eixos, tambores de freio, lonas e catracas).Efetuar limpezas e pinturas das rodas, caso esteja tudo normal verificar a operação do condutor (instrutores). | V140: 16196 | W140: =IFERROR(VLOOKUP(V140,RELATOR,2,FALSE),"") -> Everson Veloso
A141: =IF(B141>0,A140+1,"") -> 2436 | B141: 24450 | C141: 2 | D141: =IFERROR(VLOOKUP(C141,MEDIDA,2,FALSE),"") -> 275/80R22.5 | E141: 90395 | F141: TEE | G141: 520 | H141: =IFERROR(VLOOKUP(G141,LOCAL,2,FALSE),"") -> NEVES | I141: 44977 | J141: 44985 | K141: 0 | L141: 16301 | M141: 71287 | N141: =IFERROR(VLOOKUP(C141,MEDIDA,3,FALSE),"") -> 600 | R141: 45R | S141: =IFERROR(VLOOKUP(R141,FVU,2,FALSE),"") -> Pneu não ressulcado | T141: =IFERROR(VLOOKUP(R141,FVU,3,FALSE),"") -> Negligência e/ou não realização do serviço de ressulcagem. | U141: =IFERROR(VLOOKUP(R141,FVU,4,FALSE),"") -> Realizar a ressulcagem dos pneus respeitando os procedimentos conforme manual de ressulcagem. | V141: 16196 | W141: =IFERROR(VLOOKUP(V141,RELATOR,2,FALSE),"") -> Everson Veloso
A142: =IF(B142>0,A141+1,"") -> 2437 | B142: 23545 | C142: 2 | D142: =IFERROR(VLOOKUP(C142,MEDIDA,2,FALSE),"") -> 275/80R22.5 | E142: 90390 | F142: TEE | G142: 520 | H142: =IFERROR(VLOOKUP(G142,LOCAL,2,FALSE),"") -> NEVES | I142: 44974 | J142: 44985 | K142: 1 | L142: 14697 | M142: 121920 | N142: =IFERROR(VLOOKUP(C142,MEDIDA,3,FALSE),"") -> 600 | R142: 70Q | S142: =IFERROR(VLOOKUP(R142,FVU,2,FALSE),"") -> Alteração na zona baixa do talão. | T142: =IFERROR(VLOOKUP(R142,FVU,3,FALSE),"") -> Aquecimento excessivo proveniente de anomalias do sistema de freio, mau posicionamento do pneu sobre o aro/roda, uso excessivo dos freios devido a velocidade incompatível com a via, pressão abaixo do recomendado rodas sujas e/ou em má condições de uso. | U142: =IFERROR(VLOOKUP(R142,FVU,4,FALSE),"") -> Verificar equalização das rodas (diferença de temperatura acima de 5°), efetuar inspeção no veículo (simetria das forquilhas, pressão dos cilindros, regulagem dos freios, folga nos eixos, tambores de freio, lonas e catracas). Efetuar limpezas e pinturas das rodas, caso esteja tudo normal verificar a operação do condutor (instrutores). | V142: 16196 | W142: =IFERROR(VLOOKUP(V142,RELATOR,2,FALSE),"") -> Everson Veloso
A143: =IF(B143>0,A142+1,"") -> 2438 | B143: 23799 | C143: 2 | D143: =IFERROR(VLOOKUP(C143,MEDIDA,2,FALSE),"") -> 275/80R22.5 | E143: 10630 | F143: TEI | G143: 870 | H143: =IFERROR(VLOOKUP(G143,LOCAL,2,FALSE),"") -> JUSTINOPOLIS | I143: 44976 | J143: 44985 | K143: 0 | L143: 2496 | M143: 82889 | N143: =IFERROR(VLOOKUP(C143,MEDIDA,3,FALSE),"") -> 600 | R143: 48D | S143: =IFERROR(VLOOKUP(R143,FVU,2,FALSE),"") -> Desgaste da Banda de Rodagem por utilização extrema. | T143: =IFERROR(VLOOKUP(R143,FVU,3,FALSE),"") -> Roda travada, "calo" no tambor de freio, utilização extrema , excessiva. | U143: =IFERROR(VLOOKUP(R143,FVU,4,FALSE),"") -> Verificar rodas e tambores de freio, verificar negligência do borracheiro e caso procedente efetuar a cobrança. | V143: 16196 | W143: =IFERROR(VLOOKUP(V143,RELATOR,2,FALSE),"") -> Everson Veloso
A144: =IF(B144>0,A143+1,"") -> 2439 | B144: 22210 | C144: 2 | D144: =IFERROR(VLOOKUP(C144,MEDIDA,2,FALSE),"") -> 275/80R22.5 | E144: 11154 | F144: TEI | G144: 870 | H144: =IFERROR(VLOOKUP(G144,LOCAL,2,FALSE),"") -> JUSTINOPOLIS | I144: 44975 | J144: 44985 | K144: 2 | L144: 6407 | M144: 144136 | N144: =IFERROR(VLOOKUP(C144,MEDIDA,3,FALSE),"") -> 600 | R144: 70J | S144: =IFERROR(VLOOKUP(R144,FVU,2,FALSE),"") -> Desenrolamento do retorno da lona carcaça no talão. | T144: =IFERROR(VLOOKUP(R144,FVU,3,FALSE),"") -> Aquecimento no talão ocasionado pelo uso excessivo do freio, má regulagem dos freios, uso excessivo dos freios devido a velocidade incompatível com a via,rodas sujas e/ou em má condições de uso, etc. | U144: =IFERROR(VLOOKUP(R144,FVU,4,FALSE),"") -> Verificar equalização das rodas (diferença de temperatura acima de 5°), efetuar inspeção no veículo (simetria das forquilhas, pressão dos cilindros, regulagem dos freios, folga nos eixos, tambores de freio, lonas e catracas),Efetuar limpezas e pinturas das rodas, caso esteja tudo normal verificar a operação do condutor (instrutores). | V144: 16196 | W144: =IFERROR(VLOOKUP(V144,RELATOR,2,FALSE),"") -> Everson Veloso
A145: =IF(B145>0,A144+1,"") -> 2440 | B145: 24701 | C145: 2 | D145: =IFERROR(VLOOKUP(C145,MEDIDA,2,FALSE),"") -> 275/80R22.5 | E145: 20722 | F145: TEI | G145: 870 | H145: =IFERROR(VLOOKUP(G145,LOCAL,2,FALSE),"") -> JUSTINOPOLIS | I145: 44978 | J145: 44985 | K145: 1 | L145: 9491 | M145: 49258 | N145: =IFERROR(VLOOKUP(C145,MEDIDA,3,FALSE),"") -> 600 | R145: 70J | S145: =IFERROR(VLOOKUP(R145,FVU,2,FALSE),"") -> Desenrolamento do retorno da lona carcaça no talão. | T145: =IFERROR(VLOOKUP(R145,FVU,3,FALSE),"") -> Aquecimento no talão ocasionado pelo uso excessivo do freio, má regulagem dos freios, uso excessivo dos freios devido a velocidade incompatível com a via,rodas sujas e/ou em má condições de uso, etc. | U145: =IFERROR(VLOOKUP(R145,FVU,4,FALSE),"") -> Verificar equalização das rodas (diferença de temperatura acima de 5°), efetuar inspeção no veículo (simetria das forquilhas, pressão dos cilindros, regulagem dos freios, folga nos eixos, tambores de freio, lonas e catracas),Efetuar limpezas e pinturas das rodas, caso esteja tudo normal verificar a operação do condutor (instrutores). | V145: 16196 | W145: =IFERROR(VLOOKUP(V145,RELATOR,2,FALSE),"") -> Everson Veloso
A146: =IF(B146>0,A145+1,"") -> 2441 | B146: 20245 | C146: 2 | D146: =IFERROR(VLOOKUP(C146,MEDIDA,2,FALSE),"") -> 275/80R22.5 | E146: 90298 | F146: TEI | G146: 520 | H146: =IFERROR(VLOOKUP(G146,LOCAL,2,FALSE),"") -> NEVES | I146: 44974 | J146: 44985 | K146: 1 | L146: 194 | M146: 165228 | N146: =IFERROR(VLOOKUP(C146,MEDIDA,3,FALSE),"") -> 600 | R146: 70J | S146: =IFERROR(VLOOKUP(R146,FVU,2,FALSE),"") -> Desenrolamento do retorno da lona carcaça no talão. | T146: =IFERROR(VLOOKUP(R146,FVU,3,FALSE),"") -> Aquecimento no talão ocasionado pelo uso excessivo do freio, má regulagem dos freios, uso excessivo dos freios devido a velocidade incompatível com a via,rodas sujas e/ou em má condições de uso, etc. | U146: =IFERROR(VLOOKUP(R146,FVU,4,FALSE),"") -> Verificar equalização das rodas (diferença de temperatura acima de 5°), efetuar inspeção no veículo (simetria das forquilhas, pressão dos cilindros, regulagem dos freios, folga nos eixos, tambores de freio, lonas e catracas),Efetuar limpezas e pinturas das rodas, caso esteja tudo normal verificar a operação do condutor (instrutores). | V146: 16196 | W146: =IFERROR(VLOOKUP(V146,RELATOR,2,FALSE),"") -> Everson Veloso
A147: =IF(B147>0,A146+1,"") -> 2442 | B147: 24801 | C147: 2 | D147: =IFERROR(VLOOKUP(C147,MEDIDA,2,FALSE),"") -> 275/80R22.5 | E147: 90404 | F147: DE | G147: 990 | H147: =IFERROR(VLOOKUP(G147,LOCAL,2,FALSE),"") -> VENEZA | I147: 44975 | J147: 44985 | K147: 0 | L147: 31218 | M147: 130815 | N147: =IFERROR(VLOOKUP(C147,MEDIDA,3,FALSE),"") -> 600 | R147: 52H | S147: =IFERROR(VLOOKUP(R147,FVU,2,FALSE),"") -> Rodagem sem ar ou com flexão importante no flanco. | T147: =IFERROR(VLOOKUP(R147,FVU,3,FALSE),"") -> Perfurações no topo ou flanco, rodas ou aros danificados, rodagem prolongada sem ar ou baixa pressão, desgaste no flanco por atrito com o solo ou entre germinados. | U147: =IFERROR(VLOOKUP(R147,FVU,4,FALSE),"") -> Condutor rodou com o pneu vazio. Solicito avaliação de cobrança. | V147: 16196 | W147: =IFERROR(VLOOKUP(V147,RELATOR,2,FALSE),"") -> Everson Veloso
A148: =IF(B148>0,A147+1,"") -> 2443 | B148: 25546 | C148: 4 | D148: =IFERROR(VLOOKUP(C148,MEDIDA,2,FALSE),"") -> 215/75R17.5 | E148: 40897 | F148: TDI | G148: 98 | H148: =IFERROR(VLOOKUP(G148,LOCAL,2,FALSE),"") -> ANA LUCIA | I148: 44979 | J148: 44985 | K148: 2 | L148: 188 | M148: 20026 | N148: =IFERROR(VLOOKUP(C148,MEDIDA,3,FALSE),"") -> 450 | R148: 48D | S148: =IFERROR(VLOOKUP(R148,FVU,2,FALSE),"") -> Desgaste da Banda de Rodagem por utilização extrema. | T148: =IFERROR(VLOOKUP(R148,FVU,3,FALSE),"") -> Roda travada, "calo" no tambor de freio, utilização extrema , excessiva. | U148: =IFERROR(VLOOKUP(R148,FVU,4,FALSE),"") -> Verificar rodas e tambores de freio, verificar negligência do borracheiro e caso procedente efetuar a cobrança. | V148: 16196 | W148: =IFERROR(VLOOKUP(V148,RELATOR,2,FALSE),"") -> Everson Veloso
... A171: =IF(B171>0,A170+1,"") -> 2466 | B171: 21217 | C171: 2 | D171: =IFERROR(VLOOKUP(C171,MEDIDA,2,FALSE),"") -> 275/80R22.5 | E171: 90208 | F171: TDI | G171: 520 | H171: =IFERROR(VLOOKUP(G171,LOCAL,2,FALSE),"") -> NEVES | I171: 44988 | J171: 45008 | K171: 1 | L171: 16412 | M171: 145441 | N171: =IFERROR(VLOOKUP(C171,MEDIDA,3,FALSE),"") -> 600 | R171: 70R | S171: =IFERROR(VLOOKUP(R171,FVU,2,FALSE),"") -> Rachadura na zona baixa do talão. | T171: =IFERROR(VLOOKUP(R171,FVU,3,FALSE),"") -> Aquecimento excessivo proveniente de anomalias do sistema de freio, mau posicionamento do pneu sobre o aro/roda, roda em mau estado de conservação, uso excessivo dos freios devido a velocidade incompatível com a via, pressão abaixo do recomendado rodas sujas e/ou em má condições de uso. | U171: =IFERROR(VLOOKUP(R171,FVU,4,FALSE),"") -> Verificar equalização das rodas (diferença de temperatura acima de 5°), efetuar inspeção no veículo (simetria das forquilhas, pressão dos cilindros, regulagem dos freios, folga nos eixos, tambores de freio, lonas e catracas), caso esteja tudo normal verificar a operação do condutor (instrutores). | V171: 16196 | W171: =IFERROR(VLOOKUP(V171,RELATOR,2,FALSE),"") -> Everson Veloso
A172: =IF(B172>0,A171+1,"") -> 2467 | B172: 20614 | C172: 2 | D172: =IFERROR(VLOOKUP(C172,MEDIDA,2,FALSE),"") -> 275/80R22.5 | E172: S20500 | F172: TDI | G172: 870 | H172: =IFERROR(VLOOKUP(G172,LOCAL,2,FALSE),"") -> JUSTINOPOLIS | I172: 44986 | J172: 45008 | K172: 2 | L172: 9607 | M172: 201594 | N172: =IFERROR(VLOOKUP(C172,MEDIDA,3,FALSE),"") -> 600 | R172: 70J | S172: =IFERROR(VLOOKUP(R172,FVU,2,FALSE),"") -> Desenrolamento do retorno da lona carcaça no talão. | T172: =IFERROR(VLOOKUP(R172,FVU,3,FALSE),"") -> Aquecimento no talão ocasionado pelo uso excessivo do freio, má regulagem dos freios, uso excessivo dos freios devido a velocidade incompatível com a via,rodas sujas e/ou em má condições de uso, etc. | U172: =IFERROR(VLOOKUP(R172,FVU,4,FALSE),"") -> Verificar equalização das rodas (diferença de temperatura acima de 5°), efetuar inspeção no veículo (simetria das forquilhas, pressão dos cilindros, regulagem dos freios, folga nos eixos, tambores de freio, lonas e catracas),Efetuar limpezas e pinturas das rodas, caso esteja tudo normal verificar a operação do condutor (instrutores). | V172: 16196 | W172: =IFERROR(VLOOKUP(V172,RELATOR,2,FALSE),"") -> Everson Veloso
A173: =IF(B173>0,A172+1,"") -> 2468 | B173: 22536 | C173: 2 | D173: =IFERROR(VLOOKUP(C173,MEDIDA,2,FALSE),"") -> 275/80R22.5 | E173: 90298 | F173: TEE | G173: 520 | H173: =IFERROR(VLOOKUP(G173,LOCAL,2,FALSE),"") -> NEVES | I173: 44994 | J173: 45008 | K173: 1 | L173: 6311 | M173: 180078 | N173: =IFERROR(VLOOKUP(C173,MEDIDA,3,FALSE),"") -> 600 | R173: 45F | S173: =IFERROR(VLOOKUP(R173,FVU,2,FALSE),"") -> Feridas acidentais no flanco. | T173: =IFERROR(VLOOKUP(R173,FVU,3,FALSE),"") -> Objetos pontiagudos, pontas de guias, meio-fio. | U173: =IFERROR(VLOOKUP(R173,FVU,4,FALSE),"") -> Impacto lateral proveniente de erro operacional, solicito avaliação de cobrança. | V173: 16196 | W173: =IFERROR(VLOOKUP(V173,RELATOR,2,FALSE),"") -> Everson Veloso
A174: =IF(B174>0,A173+1,"") -> 2469 | B174: 25172 | C174: 2 | D174: =IFERROR(VLOOKUP(C174,MEDIDA,2,FALSE),"") -> 275/80R22.5 | E174: 7324 | F174: TEI | G174: 56 | H174: =IFERROR(VLOOKUP(G174,LOCAL,2,FALSE),"") -> UBERLANDIA | I174: 44988 | J174: 45008 | K174: 0 | L174: 10088 | M174: 48932 | N174: =IFERROR(VLOOKUP(C174,MEDIDA,3,FALSE),"") -> 600 | R174: 45R | S174: =IFERROR(VLOOKUP(R174,FVU,2,FALSE),"") -> Pneu não ressulcado | T174: =IFERROR(VLOOKUP(R174,FVU,3,FALSE),"") -> Negligência e/ou não realização do serviço de ressulcagem. | U174: =IFERROR(VLOOKUP(R174,FVU,4,FALSE),"") -> Realizar a ressulcagem dos pneus respeitando os procedimentos conforme manual de ressulcagem. | V174: 16196 | W174: =IFERROR(VLOOKUP(V174,RELATOR,2,FALSE),"") -> Everson Veloso
A175: =IF(B175>0,A174+1,"") -> 2470 | B175: 24237 | C175: 1 | D175: =IFERROR(VLOOKUP(C175,MEDIDA,2,FALSE),"") -> 295/80R22.5 | E175: 7610 | F175: TKEI | G175: 56 | H175: =IFERROR(VLOOKUP(G175,LOCAL,2,FALSE),"") -> UBERLANDIA | I175: 44988 | J175: 45008 | K175: 0 | L175: 7308 | M175: 56679 | N175: =IFERROR(VLOOKUP(C175,MEDIDA,3,FALSE),"") -> 650 | R175: 45R | S175: =IFERROR(VLOOKUP(R175,FVU,2,FALSE),"") -> Pneu não ressulcado | T175: =IFERROR(VLOOKUP(R175,FVU,3,FALSE),"") -> Negligência e/ou não realização do serviço de ressulcagem. | U175: =IFERROR(VLOOKUP(R175,FVU,4,FALSE),"") -> Realizar a ressulcagem dos pneus respeitando os procedimentos conforme manual de ressulcagem. | V175: 16196 | W175: =IFERROR(VLOOKUP(V175,RELATOR,2,FALSE),"") -> Everson Veloso
A176: =IF(B176>0,A175+1,"") -> 2471 | B176: 22756 | C176: 1 | D176: =IFERROR(VLOOKUP(C176,MEDIDA,2,FALSE),"") -> 295/80R22.5 | E176: 7611 | F176: TKDE | G176: 56 | H176: =IFERROR(VLOOKUP(G176,LOCAL,2,FALSE),"") -> UBERLANDIA | I176: 44993 | J176: 45008 | K176: 0 | L176: 10474 | M176: 117433 | N176: =IFERROR(VLOOKUP(C176,MEDIDA,3,FALSE),"") -> 650 | R176: 71J | S176: =IFERROR(VLOOKUP(R176,FVU,2,FALSE),"") -> Agressões durante a montagem ou desmontagem. | T176: =IFERROR(VLOOKUP(R176,FVU,3,FALSE),"") -> Cortes provocados por ferramentas ou máquinas de montagem/desmontagem, utilização de ferramentas não adequadas, força excessiva ou desproporcional na montagem/desmontagem. | U176: =IFERROR(VLOOKUP(R176,FVU,4,FALSE),"") -> Falha na desmontagem do pneu. Solicito avaliação de cobrança. | V176: 16196 | W176: =IFERROR(VLOOKUP(V176,RELATOR,2,FALSE),"") -> Everson Veloso
A177: =IF(B177>0,A176+1,"") -> 2472 | B177: 22756 | C177: 1 | D177: =IFERROR(VLOOKUP(C177,MEDIDA,2,FALSE),"") -> 295/80R22.5 | E177: 7611 | F177: TKDE | G177: 56 | H177: =IFERROR(VLOOKUP(G177,LOCAL,2,FALSE),"") -> UBERLANDIA | I177: 44993 | J177: 45008 | K177: 0 | L177: 10474 | M177: 117433 | N177: =IFERROR(VLOOKUP(C177,MEDIDA,3,FALSE),"") -> 650 | R177: 45D | S177: =IFERROR(VLOOKUP(R177,FVU,2,FALSE),"") -> Desgaste irregular da Banda de Rodagem. | T177: =IFERROR(VLOOKUP(R177,FVU,3,FALSE),"") -> Folgas nas mangas, cubos, buchas estouradas, veículo desalinhado. | U177: =IFERROR(VLOOKUP(R177,FVU,4,FALSE),"") -> Verificar folgas nas mangas, cubos e eixos, verificar buchas das barras, amortecedores e suspensão em geral, verificar alinhamento do veículo. Orientar o colaborador a efetuar rodízios e "viradas na roda" quando necessário, além de fazer o acompanhamento das profundidades dos sulcos no pneu. | V177: 16196 | W177: =IFERROR(VLOOKUP(V177,RELATOR,2,FALSE),"") -> Everson Veloso
A178: =IF(B178>0,A177+1,"") -> 2473 | B178: 21157 | C178: 2 | D178: =IFERROR(VLOOKUP(C178,MEDIDA,2,FALSE),"") -> 275/80R22.5 | E178: 8419 | F178: TDI | G178: 56 | H178: =IFERROR(VLOOKUP(G178,LOCAL,2,FALSE),"") -> UBERLANDIA | I178: 44978 | J178: 45008 | K178: 1 | L178: 14322 | M178: 63223 | N178: =IFERROR(VLOOKUP(C178,MEDIDA,3,FALSE),"") -> 600 | R178: 70R | S178: =IFERROR(VLOOKUP(R178,FVU,2,FALSE),"") -> Rachadura na zona baixa do talão. | T178: =IFERROR(VLOOKUP(R178,FVU,3,FALSE),"") -> Aquecimento excessivo proveniente de anomalias do sistema de freio, mau posicionamento do pneu sobre o aro/roda, roda em mau estado de conservação, uso excessivo dos freios devido a velocidade incompatível com a via, pressão abaixo do recomendado rodas sujas e/ou em má condições de uso. | U178: =IFERROR(VLOOKUP(R178,FVU,4,FALSE),"") -> Verificar equalização das rodas (diferença de temperatura acima de 5°), efetuar inspeção no veículo (simetria das forquilhas, pressão dos cilindros, regulagem dos freios, folga nos eixos, tambores de freio, lonas e catracas), caso esteja tudo normal verificar a operação do condutor (instrutores). | V178: 16196 | W178: =IFERROR(VLOOKUP(V178,RELATOR,2,FALSE),"") -> Everson Veloso
A179: =IF(B179>0,A178+1,"") -> 2474 | B179: 24683 | C179: 2 | D179: =IFERROR(VLOOKUP(C179,MEDIDA,2,FALSE),"") -> 275/80R22.5 | E179: 7480 | F179: DE | G179: 56 | H179: =IFERROR(VLOOKUP(G179,LOCAL,2,FALSE),"") -> UBERLANDIA | I179: 44973 | J179: 45008 | K179: 0 | L179: 12309 | M179: 48083 | N179: =IFERROR(VLOOKUP(C179,MEDIDA,3,FALSE),"") -> 600 | R179: 45D | S179: =IFERROR(VLOOKUP(R179,FVU,2,FALSE),"") -> Desgaste irregular da Banda de Rodagem. | T179: =IFERROR(VLOOKUP(R179,FVU,3,FALSE),"") -> Folgas nas mangas, cubos, buchas estouradas, veículo desalinhado. | U179: =IFERROR(VLOOKUP(R179,FVU,4,FALSE),"") -> Verificar folgas nas mangas, cubos e eixos, verificar buchas das barras, amortecedores e suspensão em geral, verificar alinhamento do veículo. Orientar o colaborador a efetuar rodízios e "viradas na roda" quando necessário, além de fazer o acompanhamento das profundidades dos sulcos no pneu. | V179: 16196 | W179: =IFERROR(VLOOKUP(V179,RELATOR,2,FALSE),"") -> Everson Veloso
A180: =IF(B180>0,A179+1,"") -> 2475 | B180: 24695 | C180: 2 | D180: =IFERROR(VLOOKUP(C180,MEDIDA,2,FALSE),"") -> 275/80R22.5 | E180: 8414 | F180: DE | G180: 56 | H180: =IFERROR(VLOOKUP(G180,LOCAL,2,FALSE),"") -> UBERLANDIA | I180: 44992 | J180: 45008 | K180: 0 | L180: 3341 | M180: 60635 | N180: =IFERROR(VLOOKUP(C180,MEDIDA,3,FALSE),"") -> 600 | R180: 45D | S180: =IFERROR(VLOOKUP(R180,FVU,2,FALSE),"") -> Desgaste irregular da Banda de Rodagem. | T180: =IFERROR(VLOOKUP(R180,FVU,3,FALSE),"") -> Folgas nas mangas, cubos, buchas estouradas, veículo desalinhado. | U180: =IFERROR(VLOOKUP(R180,FVU,4,FALSE),"") -> Verificar folgas nas mangas, cubos e eixos, verificar buchas das barras, amortecedores e suspensão em geral, verificar alinhamento do veículo. Orientar o colaborador a efetuar rodízios e "viradas na roda" quando necessário, além de fazer o acompanhamento das profundidades dos sulcos no pneu. | V180: 16196 | W180: =IFERROR(VLOOKUP(V180,RELATOR,2,FALSE),"") -> Everson Veloso
A181: =IF(B181>0,A180+1,"") -> 2476 | B181: 22590 | C181: 1 | D181: =IFERROR(VLOOKUP(C181,MEDIDA,2,FALSE),"") -> 295/80R22.5 | E181: 7610 | F181: TDE | G181: 56 | H181: =IFERROR(VLOOKUP(G181,LOCAL,2,FALSE),"") -> UBERLANDIA | I181: 44988 | J181: 45008 | K181: 0 | L181: 11259 | M181: 100920 | N181: =IFERROR(VLOOKUP(C181,MEDIDA,3,FALSE),"") -> 650 | R181: 45R | S181: =IFERROR(VLOOKUP(R181,FVU,2,FALSE),"") -> Pneu não ressulcado | T181: =IFERROR(VLOOKUP(R181,FVU,3,FALSE),"") -> Negligência e/ou não realização do serviço de ressulcagem. | U181: =IFERROR(VLOOKUP(R181,FVU,4,FALSE),"") -> Realizar a ressulcagem dos pneus respeitando os procedimentos conforme manual de ressulcagem. | V181: 16196 | W181: =IFERROR(VLOOKUP(V181,RELATOR,2,FALSE),"") -> Everson Veloso
A182: =IF(B182>0,A181+1,"") -> 2477 | B182: 21762 | C182: 2 | D182: =IFERROR(VLOOKUP(C182,MEDIDA,2,FALSE),"") -> 275/80R22.5 | E182: 8437 | F182: TDI | G182: 56 | H182: =IFERROR(VLOOKUP(G182,LOCAL,2,FALSE),"") -> UBERLANDIA | I182: 44995 | J182: 45008 | K182: 1 | L182: 7927 | M182: 188054 | N182: =IFERROR(VLOOKUP(C182,MEDIDA,3,FALSE),"") -> 600 | R182: 45D | S182: =IFERROR(VLOOKUP(R182,FVU,2,FALSE),"") -> Desgaste irregular da Banda de Rodagem. | T182: =IFERROR(VLOOKUP(R182,FVU,3,FALSE),"") -> Folgas nas mangas, cubos, buchas estouradas, veículo desalinhado. | U182: =IFERROR(VLOOKUP(R182,FVU,4,FALSE),"") -> Verificar folgas nas mangas, cubos e eixos, verificar buchas das barras, amortecedores e suspensão em geral, verificar alinhamento do veículo. Orientar o colaborador a efetuar rodízios e "viradas na roda" quando necessário, além de fazer o acompanhamento das profundidades dos sulcos no pneu. | V182: 16196 | W182: =IFERROR(VLOOKUP(V182,RELATOR,2,FALSE),"") -> Everson Veloso
A183: =IF(B183>0,A182+1,"") -> 2478 | B183: 24233 | C183: 1 | D183: =IFERROR(VLOOKUP(C183,MEDIDA,2,FALSE),"") -> 295/80R22.5 | E183: 7609 | F183: TKDE | G183: 56 | H183: =IFERROR(VLOOKUP(G183,LOCAL,2,FALSE),"") -> UBERLANDIA | I183: 44993 | J183: 45008 | K183: 0 | L183: 10266 | M183: 63417 | N183: =IFERROR(VLOOKUP(C183,MEDIDA,3,FALSE),"") -> 650 | R183: 45R | S183: =IFERROR(VLOOKUP(R183,FVU,2,FALSE),"") -> Pneu não ressulcado | T183: =IFERROR(VLOOKUP(R183,FVU,3,FALSE),"") -> Negligência e/ou não realização do serviço de ressulcagem. | U183: =IFERROR(VLOOKUP(R183,FVU,4,FALSE),"") -> Realizar a ressulcagem dos pneus respeitando os procedimentos conforme manual de ressulcagem. | V183: 16196 | W183: =IFERROR(VLOOKUP(V183,RELATOR,2,FALSE),"") -> Everson Veloso
A184: =IF(B184>0,A183+1,"") -> 2479 | B184: 25444 | C184: 4 | D184: =IFERROR(VLOOKUP(C184,MEDIDA,2,FALSE),"") -> 215/75R17.5 | E184: 40897 | F184: TDE | G184: 98 | H184: =IFERROR(VLOOKUP(G184,LOCAL,2,FALSE),"") -> ANA LUCIA | I184: 44995 | J184: 45008 | K184: 1 | L184: 2166 | M184: 26962 | N184: =IFERROR(VLOOKUP(C184,MEDIDA,3,FALSE),"") -> 450 | R184: 45G | S184: =IFERROR(VLOOKUP(R184,FVU,2,FALSE),"") -> Deterioração do flanco por choque. | T184: =IFERROR(VLOOKUP(R184,FVU,3,FALSE),"") -> Choque e/ou beliscões no flanco ocasionado pela passagem em buracos ou durante a subida do meio-fio (calçada), desníveis em cabeceiras e pontes, viadutos etc. | U184: =IFERROR(VLOOKUP(R184,FVU,4,FALSE),"") -> Impacto lateral proveniente de erro operacional, solicito avaliação de cobrança. | V184: 16196 | W184: =IFERROR(VLOOKUP(V184,RELATOR,2,FALSE),"") -> Everson Veloso
... A259: =IF(B259>0,A258+1,"") -> 2554 | B259: 104009 | C259: 2 | D259: =IFERROR(VLOOKUP(C259,MEDIDA,2,FALSE),"") -> 275/80R22.5 | E259: 90095 | F259: TDE | G259: 520 | H259: =IFERROR(VLOOKUP(G259,LOCAL,2,FALSE),"") -> NEVES | I259: 45034 | J259: 45042 | K259: 1 | L259: 9425 | M259: 242236 | N259: =IFERROR(VLOOKUP(C259,MEDIDA,3,FALSE),"") -> 600 | R259: 45F | S259: =IFERROR(VLOOKUP(R259,FVU,2,FALSE),"") -> Feridas acidentais no flanco. | T259: =IFERROR(VLOOKUP(R259,FVU,3,FALSE),"") -> Objetos pontiagudos, pontas de guias, meio-fio. | U259: =IFERROR(VLOOKUP(R259,FVU,4,FALSE),"") -> Impacto lateral proveniente de erro operacional, solicito avaliação de cobrança. | V259: 16196 | W259: =IFERROR(VLOOKUP(V259,RELATOR,2,FALSE),"") -> Everson Veloso
A260: =IF(B260>0,A259+1,"") -> 2555 | B260: 103384 | C260: 2 | D260: =IFERROR(VLOOKUP(C260,MEDIDA,2,FALSE),"") -> 275/80R22.5 | E260: 25E27 | F260: TDE | G260: 61 | H260: =IFERROR(VLOOKUP(G260,LOCAL,2,FALSE),"") -> SARZEDO | I260: 45031 | J260: 45042 | K260: 2 | L260: 8502 | M260: 176072 | N260: =IFERROR(VLOOKUP(C260,MEDIDA,3,FALSE),"") -> 600 | R260: 45F | S260: =IFERROR(VLOOKUP(R260,FVU,2,FALSE),"") -> Feridas acidentais no flanco. | T260: =IFERROR(VLOOKUP(R260,FVU,3,FALSE),"") -> Objetos pontiagudos, pontas de guias, meio-fio. | U260: =IFERROR(VLOOKUP(R260,FVU,4,FALSE),"") -> Impacto lateral proveniente de erro operacional, solicito avaliação de cobrança. | V260: 16196 | W260: =IFERROR(VLOOKUP(V260,RELATOR,2,FALSE),"") -> Everson Veloso
A261: =IF(B261>0,A260+1,"") -> 2556 | B261: 22914 | C261: 2 | D261: =IFERROR(VLOOKUP(C261,MEDIDA,2,FALSE),"") -> 275/80R22.5 | E261: 20375 | F261: TDE | G261: 98 | H261: =IFERROR(VLOOKUP(G261,LOCAL,2,FALSE),"") -> ANA LUCIA | I261: 45038 | J261: 45042 | K261: 2 | L261: 9768 | M261: 134724 | N261: =IFERROR(VLOOKUP(C261,MEDIDA,3,FALSE),"") -> 600 | R261: 45F | S261: =IFERROR(VLOOKUP(R261,FVU,2,FALSE),"") -> Feridas acidentais no flanco. | T261: =IFERROR(VLOOKUP(R261,FVU,3,FALSE),"") -> Objetos pontiagudos, pontas de guias, meio-fio. | U261: =IFERROR(VLOOKUP(R261,FVU,4,FALSE),"") -> Impacto lateral proveniente de erro operacional, solicito avaliação de cobrança. | V261: 16196 | W261: =IFERROR(VLOOKUP(V261,RELATOR,2,FALSE),"") -> Everson Veloso
A262: =IF(B262>0,A261+1,"") -> 2557 | B262: 21377 | C262: 2 | D262: =IFERROR(VLOOKUP(C262,MEDIDA,2,FALSE),"") -> 275/80R22.5 | E262: 20766 | F262: TEI | G262: 98 | H262: =IFERROR(VLOOKUP(G262,LOCAL,2,FALSE),"") -> ANA LUCIA | I262: 45034 | J262: 45042 | K262: 2 | L262: 28339 | M262: 284156 | N262: =IFERROR(VLOOKUP(C262,MEDIDA,3,FALSE),"") -> 600 | R262: 70R | S262: =IFERROR(VLOOKUP(R262,FVU,2,FALSE),"") -> Rachadura na zona baixa do talão. | T262: =IFERROR(VLOOKUP(R262,FVU,3,FALSE),"") -> Aquecimento excessivo proveniente de anomalias do sistema de freio, mau posicionamento do pneu sobre o aro/roda, roda em mau estado de conservação, uso excessivo dos freios devido a velocidade incompatível com a via, pressão abaixo do recomendado rodas sujas e/ou em má condições de uso. | U262: =IFERROR(VLOOKUP(R262,FVU,4,FALSE),"") -> Verificar equalização das rodas (diferença de temperatura acima de 5°), efetuar inspeção no veículo (simetria das forquilhas, pressão dos cilindros, regulagem dos freios, folga nos eixos, tambores de freio, lonas e catracas), caso esteja tudo normal verificar a operação do condutor (instrutores). | V262: 16196 | W262: =IFERROR(VLOOKUP(V262,RELATOR,2,FALSE),"") -> Everson Veloso
A263: =IF(B263>0,A262+1,"") -> 2558 | B263: 21171 | C263: 4 | D263: =IFERROR(VLOOKUP(C263,MEDIDA,2,FALSE),"") -> 215/75R17.5 | E263: 40884 | F263: TEE | G263: 98 | H263: =IFERROR(VLOOKUP(G263,LOCAL,2,FALSE),"") -> ANA LUCIA | I263: 45036 | J263: 45042 | K263: 3 | L263: 6821 | M263: 44131 | N263: =IFERROR(VLOOKUP(C263,MEDIDA,3,FALSE),"") -> 450 | R263: 45F | S263: =IFERROR(VLOOKUP(R263,FVU,2,FALSE),"") -> Feridas acidentais no flanco. | T263: =IFERROR(VLOOKUP(R263,FVU,3,FALSE),"") -> Objetos pontiagudos, pontas de guias, meio-fio. | U263: =IFERROR(VLOOKUP(R263,FVU,4,FALSE),"") -> Impacto lateral proveniente de erro operacional, solicito avaliação de cobrança. | V263: 16196 | W263: =IFERROR(VLOOKUP(V263,RELATOR,2,FALSE),"") -> Everson Veloso
A264: =IF(B264>0,A263+1,"") -> 2559 | B264: 24620 | C264: 4 | D264: =IFERROR(VLOOKUP(C264,MEDIDA,2,FALSE),"") -> 215/75R17.5 | E264: 40885 | F264: TDE | G264: 98 | H264: =IFERROR(VLOOKUP(G264,LOCAL,2,FALSE),"") -> ANA LUCIA | I264: 45037 | J264: 45042 | K264: 1 | L264: 5731 | M264: 29254 | N264: =IFERROR(VLOOKUP(C264,MEDIDA,3,FALSE),"") -> 450 | R264: 45F | S264: =IFERROR(VLOOKUP(R264,FVU,2,FALSE),"") -> Feridas acidentais no flanco. | T264: =IFERROR(VLOOKUP(R264,FVU,3,FALSE),"") -> Objetos pontiagudos, pontas de guias, meio-fio. | U264: =IFERROR(VLOOKUP(R264,FVU,4,FALSE),"") -> Impacto lateral proveniente de erro operacional, solicito avaliação de cobrança. | V264: 16196 | W264: =IFERROR(VLOOKUP(V264,RELATOR,2,FALSE),"") -> Everson Veloso
A265: =IF(B265>0,A264+1,"") -> 2560 | B265: 25545 | C265: 4 | D265: =IFERROR(VLOOKUP(C265,MEDIDA,2,FALSE),"") -> 215/75R17.5 | E265: 40884 | F265: TEI | G265: 98 | H265: =IFERROR(VLOOKUP(G265,LOCAL,2,FALSE),"") -> ANA LUCIA | I265: 45036 | J265: 45042 | K265: 2 | L265: 6592 | M265: 19768 | N265: =IFERROR(VLOOKUP(C265,MEDIDA,3,FALSE),"") -> 450 | R265: 71J | S265: =IFERROR(VLOOKUP(R265,FVU,2,FALSE),"") -> Agressões durante a montagem ou desmontagem. | T265: =IFERROR(VLOOKUP(R265,FVU,3,FALSE),"") -> Cortes provocados por ferramentas ou máquinas de montagem/desmontagem, utilização de ferramentas não adequadas, força excessiva ou desproporcional na montagem/desmontagem. | U265: =IFERROR(VLOOKUP(R265,FVU,4,FALSE),"") -> Falha na desmontagem do pneu. Solicito avaliação de cobrança. | V265: 16196 | W265: =IFERROR(VLOOKUP(V265,RELATOR,2,FALSE),"") -> Everson Veloso
A266: =IF(B266>0,A265+1,"") -> 2561 | B266: 23916 | C266: 2 | D266: =IFERROR(VLOOKUP(C266,MEDIDA,2,FALSE),"") -> 275/80R22.5 | E266: 90301 | F266: TDI | G266: 520 | H266: =IFERROR(VLOOKUP(G266,LOCAL,2,FALSE),"") -> NEVES | I266: 45036 | J266: 45042 | K266: 1 | L266: 22790 | M266: 95559 | N266: =IFERROR(VLOOKUP(C266,MEDIDA,3,FALSE),"") -> 600 | R266: 70R | S266: =IFERROR(VLOOKUP(R266,FVU,2,FALSE),"") -> Rachadura na zona baixa do talão. | T266: =IFERROR(VLOOKUP(R266,FVU,3,FALSE),"") -> Aquecimento excessivo proveniente de anomalias do sistema de freio, mau posicionamento do pneu sobre o aro/roda, roda em mau estado de conservação, uso excessivo dos freios devido a velocidade incompatível com a via, pressão abaixo do recomendado rodas sujas e/ou em má condições de uso. | U266: =IFERROR(VLOOKUP(R266,FVU,4,FALSE),"") -> Verificar equalização das rodas (diferença de temperatura acima de 5°), efetuar inspeção no veículo (simetria das forquilhas, pressão dos cilindros, regulagem dos freios, folga nos eixos, tambores de freio, lonas e catracas), caso esteja tudo normal verificar a operação do condutor (instrutores). | V266: 16196 | W266: =IFERROR(VLOOKUP(V266,RELATOR,2,FALSE),"") -> Everson Veloso
A267: =IF(B267>0,A266+1,"") -> 2562 | B267: 23832 | C267: 2 | D267: =IFERROR(VLOOKUP(C267,MEDIDA,2,FALSE),"") -> 275/80R22.5 | E267: 90299 | F267: TDI | G267: 520 | H267: =IFERROR(VLOOKUP(G267,LOCAL,2,FALSE),"") -> NEVES | I267: 45037 | J267: 45042 | K267: 1 | L267: 9149 | M267: 109586 | N267: =IFERROR(VLOOKUP(C267,MEDIDA,3,FALSE),"") -> 600 | R267: 70R | S267: =IFERROR(VLOOKUP(R267,FVU,2,FALSE),"") -> Rachadura na zona baixa do talão. | T267: =IFERROR(VLOOKUP(R267,FVU,3,FALSE),"") -> Aquecimento excessivo proveniente de anomalias do sistema de freio, mau posicionamento do pneu sobre o aro/roda, roda em mau estado de conservação, uso excessivo dos freios devido a velocidade incompatível com a via, pressão abaixo do recomendado rodas sujas e/ou em má condições de uso. | U267: =IFERROR(VLOOKUP(R267,FVU,4,FALSE),"") -> Verificar equalização das rodas (diferença de temperatura acima de 5°), efetuar inspeção no veículo (simetria das forquilhas, pressão dos cilindros, regulagem dos freios, folga nos eixos, tambores de freio, lonas e catracas), caso esteja tudo normal verificar a operação do condutor (instrutores). | V267: 16196 | W267: =IFERROR(VLOOKUP(V267,RELATOR,2,FALSE),"") -> Everson Veloso
A268: =IF(B268>0,A267+1,"") -> 2563 | B268: 23707 | C268: 2 | D268: =IFERROR(VLOOKUP(C268,MEDIDA,2,FALSE),"") -> 275/80R22.5 | E268: 90308 | F268: TDI | G268: 520 | H268: =IFERROR(VLOOKUP(G268,LOCAL,2,FALSE),"") -> NEVES | I268: 45037 | J268: 45042 | K268: 1 | L268: 13171 | M268: 100711 | N268: =IFERROR(VLOOKUP(C268,MEDIDA,3,FALSE),"") -> 600 | R268: 70R | S268: =IFERROR(VLOOKUP(R268,FVU,2,FALSE),"") -> Rachadura na zona baixa do talão. | T268: =IFERROR(VLOOKUP(R268,FVU,3,FALSE),"") -> Aquecimento excessivo proveniente de anomalias do sistema de freio, mau posicionamento do pneu sobre o aro/roda, roda em mau estado de conservação, uso excessivo dos freios devido a velocidade incompatível com a via, pressão abaixo do recomendado rodas sujas e/ou em má condições de uso. | U268: =IFERROR(VLOOKUP(R268,FVU,4,FALSE),"") -> Verificar equalização das rodas (diferença de temperatura acima de 5°), efetuar inspeção no veículo (simetria das forquilhas, pressão dos cilindros, regulagem dos freios, folga nos eixos, tambores de freio, lonas e catracas), caso esteja tudo normal verificar a operação do condutor (instrutores). | V268: 16196 | W268: =IFERROR(VLOOKUP(V268,RELATOR,2,FALSE),"") -> Everson Veloso
A269: =IF(B269>0,A268+1,"") -> 2564 | B269: 22581 | C269: 1 | D269: =IFERROR(VLOOKUP(C269,MEDIDA,2,FALSE),"") -> 295/80R22.5 | E269: 90321 | F269: TKDI | G269: 520 | H269: =IFERROR(VLOOKUP(G269,LOCAL,2,FALSE),"") -> NEVES | I269: 45040 | J269: 45042 | K269: 1 | L269: 1110 | M269: 65482 | N269: =IFERROR(VLOOKUP(C269,MEDIDA,3,FALSE),"") -> 650 | R269: 70J | S269: =IFERROR(VLOOKUP(R269,FVU,2,FALSE),"") -> Desenrolamento do retorno da lona carcaça no talão. | T269: =IFERROR(VLOOKUP(R269,FVU,3,FALSE),"") -> Aquecimento no talão ocasionado pelo uso excessivo do freio, má regulagem dos freios, uso excessivo dos freios devido a velocidade incompatível com a via,rodas sujas e/ou em má condições de uso, etc. | U269: =IFERROR(VLOOKUP(R269,FVU,4,FALSE),"") -> Verificar equalização das rodas (diferença de temperatura acima de 5°), efetuar inspeção no veículo (simetria das forquilhas, pressão dos cilindros, regulagem dos freios, folga nos eixos, tambores de freio, lonas e catracas),Efetuar limpezas e pinturas das rodas, caso esteja tudo normal verificar a operação do condutor (instrutores). | V269: 16196 | W269: =IFERROR(VLOOKUP(V269,RELATOR,2,FALSE),"") -> Everson Veloso
A270: =IF(B270>0,A269+1,"") -> 2565 | B270: 22611 | C270: 2 | D270: =IFERROR(VLOOKUP(C270,MEDIDA,2,FALSE),"") -> 275/80R22.5 | E270: 11150 | F270: TDE | G270: 870 | H270: =IFERROR(VLOOKUP(G270,LOCAL,2,FALSE),"") -> JUSTINOPOLIS | I270: 45038 | J270: 45042 | K270: 2 | L270: 253 | M270: 204272 | N270: =IFERROR(VLOOKUP(C270,MEDIDA,3,FALSE),"") -> 600 | R270: 70J | S270: =IFERROR(VLOOKUP(R270,FVU,2,FALSE),"") -> Desenrolamento do retorno da lona carcaça no talão. | T270: =IFERROR(VLOOKUP(R270,FVU,3,FALSE),"") -> Aquecimento no talão ocasionado pelo uso excessivo do freio, má regulagem dos freios, uso excessivo dos freios devido a velocidade incompatível com a via,rodas sujas e/ou em má condições de uso, etc. | U270: =IFERROR(VLOOKUP(R270,FVU,4,FALSE),"") -> Verificar equalização das rodas (diferença de temperatura acima de 5°), efetuar inspeção no veículo (simetria das forquilhas, pressão dos cilindros, regulagem dos freios, folga nos eixos, tambores de freio, lonas e catracas),Efetuar limpezas e pinturas das rodas, caso esteja tudo normal verificar a operação do condutor (instrutores). | V270: 16196 | W270: =IFERROR(VLOOKUP(V270,RELATOR,2,FALSE),"") -> Everson Veloso
A271: =IF(B271>0,A270+1,"") -> 2566 | B271: 20695 | C271: 2 | D271: =IFERROR(VLOOKUP(C271,MEDIDA,2,FALSE),"") -> 275/80R22.5 | E271: 10991 | F271: TDE | G271: 870 | H271: =IFERROR(VLOOKUP(G271,LOCAL,2,FALSE),"") -> JUSTINOPOLIS | I271: 45038 | J271: 45042 | K271: 2 | L271: 2634 | M271: 204324 | N271: =IFERROR(VLOOKUP(C271,MEDIDA,3,FALSE),"") -> 600 | R271: 70R | S271: =IFERROR(VLOOKUP(R271,FVU,2,FALSE),"") -> Rachadura na zona baixa do talão. | T271: =IFERROR(VLOOKUP(R271,FVU,3,FALSE),"") -> Aquecimento excessivo proveniente de anomalias do sistema de freio, mau posicionamento do pneu sobre o aro/roda, roda em mau estado de conservação, uso excessivo dos freios devido a velocidade incompatível com a via, pressão abaixo do recomendado rodas sujas e/ou em má condições de uso. | U271: =IFERROR(VLOOKUP(R271,FVU,4,FALSE),"") -> Verificar equalização das rodas (diferença de temperatura acima de 5°), efetuar inspeção no veículo (simetria das forquilhas, pressão dos cilindros, regulagem dos freios, folga nos eixos, tambores de freio, lonas e catracas), caso esteja tudo normal verificar a operação do condutor (instrutores). | V271: 16196 | W271: =IFERROR(VLOOKUP(V271,RELATOR,2,FALSE),"") -> Everson Veloso
A272: =IF(B272>0,A271+1,"") -> 2567 | B272: 22227 | C272: 2 | D272: =IFERROR(VLOOKUP(C272,MEDIDA,2,FALSE),"") -> 275/80R22.5 | E272: 10837 | F272: TDI | G272: 870 | H272: =IFERROR(VLOOKUP(G272,LOCAL,2,FALSE),"") -> JUSTINOPOLIS | I272: 45038 | J272: 45042 | K272: 2 | L272: 15032 | M272: 177949 | N272: =IFERROR(VLOOKUP(C272,MEDIDA,3,FALSE),"") -> 600 | R272: 70R | S272: =IFERROR(VLOOKUP(R272,FVU,2,FALSE),"") -> Rachadura na zona baixa do talão. | T272: =IFERROR(VLOOKUP(R272,FVU,3,FALSE),"") -> Aquecimento excessivo proveniente de anomalias do sistema de freio, mau posicionamento do pneu sobre o aro/roda, roda em mau estado de conservação, uso excessivo dos freios devido a velocidade incompatível com a via, pressão abaixo do recomendado rodas sujas e/ou em má condições de uso. | U272: =IFERROR(VLOOKUP(R272,FVU,4,FALSE),"") -> Verificar equalização das rodas (diferença de temperatura acima de 5°), efetuar inspeção no veículo (simetria das forquilhas, pressão dos cilindros, regulagem dos freios, folga nos eixos, tambores de freio, lonas e catracas), caso esteja tudo normal verificar a operação do condutor (instrutores). | V272: 16196 | W272: =IFERROR(VLOOKUP(V272,RELATOR,2,FALSE),"") -> Everson Veloso
... A326: =IF(B326>0,A325+1,"") -> 2621 | B326: 24082 | C326: 2 | D326: =IFERROR(VLOOKUP(C326,MEDIDA,2,FALSE),"") -> 275/80R22.5 | E326: 11184 | F326: TEI | G326: 98 | H326: =IFERROR(VLOOKUP(G326,LOCAL,2,FALSE),"") -> ANA LUCIA | I326: 45062 | J326: 45093 | K326: 0 | L326: 4899 | M326: 76700 | N326: =IFERROR(VLOOKUP(C326,MEDIDA,3,FALSE),"") -> 600 | R326: 48D | S326: =IFERROR(VLOOKUP(R326,FVU,2,FALSE),"") -> Desgaste da Banda de Rodagem por utilização extrema. | T326: =IFERROR(VLOOKUP(R326,FVU,3,FALSE),"") -> Roda travada, "calo" no tambor de freio, utilização extrema , excessiva. | U326: =IFERROR(VLOOKUP(R326,FVU,4,FALSE),"") -> Verificar rodas e tambores de freio, verificar negligência do borracheiro e caso procedente efetuar a cobrança. | V326: 16196 | W326: =IFERROR(VLOOKUP(V326,RELATOR,2,FALSE),"") -> Everson Veloso
A327: =IF(B327>0,A326+1,"") -> 2622 | B327: 23298 | C327: 2 | D327: =IFERROR(VLOOKUP(C327,MEDIDA,2,FALSE),"") -> 275/80R22.5 | E327: A20338 | F327: TDE | G327: 98 | H327: =IFERROR(VLOOKUP(G327,LOCAL,2,FALSE),"") -> ANA LUCIA | I327: 45072 | J327: 45093 | K327: 1 | L327: 3125 | M327: 103740 | N327: =IFERROR(VLOOKUP(C327,MEDIDA,3,FALSE),"") -> 600 | R327: 45F | S327: =IFERROR(VLOOKUP(R327,FVU,2,FALSE),"") -> Feridas acidentais no flanco. | T327: =IFERROR(VLOOKUP(R327,FVU,3,FALSE),"") -> Objetos pontiagudos, pontas de guias, meio-fio. | U327: =IFERROR(VLOOKUP(R327,FVU,4,FALSE),"") -> Impacto lateral proveniente de erro operacional, solicito avaliação de cobrança. | V327: 16196 | W327: =IFERROR(VLOOKUP(V327,RELATOR,2,FALSE),"") -> Everson Veloso
A328: =IF(B328>0,A327+1,"") -> 2623 | B328: 24947 | C328: 2 | D328: =IFERROR(VLOOKUP(C328,MEDIDA,2,FALSE),"") -> 275/80R22.5 | E328: 11142 | F328: TEE | G328: 98 | H328: =IFERROR(VLOOKUP(G328,LOCAL,2,FALSE),"") -> ANA LUCIA | I328: 45079 | J328: 45093 | K328: 1 | L328: 16489 | M328: 66817 | N328: =IFERROR(VLOOKUP(C328,MEDIDA,3,FALSE),"") -> 600 | R328: 45F | S328: =IFERROR(VLOOKUP(R328,FVU,2,FALSE),"") -> Feridas acidentais no flanco. | T328: =IFERROR(VLOOKUP(R328,FVU,3,FALSE),"") -> Objetos pontiagudos, pontas de guias, meio-fio. | U328: =IFERROR(VLOOKUP(R328,FVU,4,FALSE),"") -> Impacto lateral proveniente de erro operacional, solicito avaliação de cobrança. | V328: 16196 | W328: =IFERROR(VLOOKUP(V328,RELATOR,2,FALSE),"") -> Everson Veloso
A329: =IF(B329>0,A328+1,"") -> 2624 | B329: 23132 | C329: 2 | D329: =IFERROR(VLOOKUP(C329,MEDIDA,2,FALSE),"") -> 275/80R22.5 | E329: 20860 | F329: TDI | G329: 870 | H329: =IFERROR(VLOOKUP(G329,LOCAL,2,FALSE),"") -> JUSTINOPOLIS | I329: 45079 | J329: 45093 | K329: 1 | L329: 23955 | M329: 198024 | N329: =IFERROR(VLOOKUP(C329,MEDIDA,3,FALSE),"") -> 600 | R329: 70R | S329: =IFERROR(VLOOKUP(R329,FVU,2,FALSE),"") -> Rachadura na zona baixa do talão. | T329: =IFERROR(VLOOKUP(R329,FVU,3,FALSE),"") -> Aquecimento excessivo proveniente de anomalias do sistema de freio, mau posicionamento do pneu sobre o aro/roda, roda em mau estado de conservação, uso excessivo dos freios devido a velocidade incompatível com a via, pressão abaixo do recomendado rodas sujas e/ou em má condições de uso. | U329: =IFERROR(VLOOKUP(R329,FVU,4,FALSE),"") -> Verificar equalização das rodas (diferença de temperatura acima de 5°), efetuar inspeção no veículo (simetria das forquilhas, pressão dos cilindros, regulagem dos freios, folga nos eixos, tambores de freio, lonas e catracas), caso esteja tudo normal verificar a operação do condutor (instrutores). | V329: 16196 | W329: =IFERROR(VLOOKUP(V329,RELATOR,2,FALSE),"") -> Everson Veloso
A330: =IF(B330>0,A329+1,"") -> 2625 | B330: 22952 | C330: 1 | D330: =IFERROR(VLOOKUP(C330,MEDIDA,2,FALSE),"") -> 295/80R22.5 | E330: 10801 | F330: TDI | G330: 870 | H330: =IFERROR(VLOOKUP(G330,LOCAL,2,FALSE),"") -> JUSTINOPOLIS | I330: 45077 | J330: 45093 | K330: 1 | L330: 10731 | M330: 97640 | N330: =IFERROR(VLOOKUP(C330,MEDIDA,3,FALSE),"") -> 650 | R330: 70J | S330: =IFERROR(VLOOKUP(R330,FVU,2,FALSE),"") -> Desenrolamento do retorno da lona carcaça no talão. | T330: =IFERROR(VLOOKUP(R330,FVU,3,FALSE),"") -> Aquecimento no talão ocasionado pelo uso excessivo do freio, má regulagem dos freios, uso excessivo dos freios devido a velocidade incompatível com a via,rodas sujas e/ou em má condições de uso, etc. | U330: =IFERROR(VLOOKUP(R330,FVU,4,FALSE),"") -> Verificar equalização das rodas (diferença de temperatura acima de 5°), efetuar inspeção no veículo (simetria das forquilhas, pressão dos cilindros, regulagem dos freios, folga nos eixos, tambores de freio, lonas e catracas),Efetuar limpezas e pinturas das rodas, caso esteja tudo normal verificar a operação do condutor (instrutores). | V330: 16196 | W330: =IFERROR(VLOOKUP(V330,RELATOR,2,FALSE),"") -> Everson Veloso
A331: =IF(B331>0,A330+1,"") -> 2626 | B331: 20510 | C331: 2 | D331: =IFERROR(VLOOKUP(C331,MEDIDA,2,FALSE),"") -> 275/80R22.5 | E331: 10753 | F331: TDE | G331: 870 | H331: =IFERROR(VLOOKUP(G331,LOCAL,2,FALSE),"") -> JUSTINOPOLIS | I331: 45082 | J331: 45093 | K331: 3 | L331: 27686 | M331: 178123 | N331: =IFERROR(VLOOKUP(C331,MEDIDA,3,FALSE),"") -> 600 | R331: 45F | S331: =IFERROR(VLOOKUP(R331,FVU,2,FALSE),"") -> Feridas acidentais no flanco. | T331: =IFERROR(VLOOKUP(R331,FVU,3,FALSE),"") -> Objetos pontiagudos, pontas de guias, meio-fio. | U331: =IFERROR(VLOOKUP(R331,FVU,4,FALSE),"") -> Impacto lateral proveniente de erro operacional, solicito avaliação de cobrança. | V331: 16196 | W331: =IFERROR(VLOOKUP(V331,RELATOR,2,FALSE),"") -> Everson Veloso
A332: =IF(B332>0,A331+1,"") -> 2627 | B332: 22359 | C332: 2 | D332: =IFERROR(VLOOKUP(C332,MEDIDA,2,FALSE),"") -> 275/80R22.5 | E332: 90222 | F332: TEE | G332: 990 | H332: =IFERROR(VLOOKUP(G332,LOCAL,2,FALSE),"") -> VENEZA | I332: 45075 | J332: 45093 | K332: 0 | L332: 17254 | M332: 158885 | N332: =IFERROR(VLOOKUP(C332,MEDIDA,3,FALSE),"") -> 600 | R332: 70Q | S332: =IFERROR(VLOOKUP(R332,FVU,2,FALSE),"") -> Alteração na zona baixa do talão. | T332: =IFERROR(VLOOKUP(R332,FVU,3,FALSE),"") -> Aquecimento excessivo proveniente de anomalias do sistema de freio, mau posicionamento do pneu sobre o aro/roda, uso excessivo dos freios devido a velocidade incompatível com a via, pressão abaixo do recomendado rodas sujas e/ou em má condições de uso. | U332: =IFERROR(VLOOKUP(R332,FVU,4,FALSE),"") -> Verificar equalização das rodas (diferença de temperatura acima de 5°), efetuar inspeção no veículo (simetria das forquilhas, pressão dos cilindros, regulagem dos freios, folga nos eixos, tambores de freio, lonas e catracas). Efetuar limpezas e pinturas das rodas, caso esteja tudo normal verificar a operação do condutor (instrutores). | V332: 16196 | W332: =IFERROR(VLOOKUP(V332,RELATOR,2,FALSE),"") -> Everson Veloso
A333: =IF(B333>0,A332+1,"") -> 2628 | B333: 22444 | C333: 2 | D333: =IFERROR(VLOOKUP(C333,MEDIDA,2,FALSE),"") -> 275/80R22.5 | E333: 90345 | F333: TDI | G333: 990 | H333: =IFERROR(VLOOKUP(G333,LOCAL,2,FALSE),"") -> VENEZA | I333: 45077 | J333: 45093 | K333: 1 | L333: 45933 | M333: 230023 | N333: =IFERROR(VLOOKUP(C333,MEDIDA,3,FALSE),"") -> 600 | R333: 70R | S333: =IFERROR(VLOOKUP(R333,FVU,2,FALSE),"") -> Rachadura na zona baixa do talão. | T333: =IFERROR(VLOOKUP(R333,FVU,3,FALSE),"") -> Aquecimento excessivo proveniente de anomalias do sistema de freio, mau posicionamento do pneu sobre o aro/roda, roda em mau estado de conservação, uso excessivo dos freios devido a velocidade incompatível com a via, pressão abaixo do recomendado rodas sujas e/ou em má condições de uso. | U333: =IFERROR(VLOOKUP(R333,FVU,4,FALSE),"") -> Verificar equalização das rodas (diferença de temperatura acima de 5°), efetuar inspeção no veículo (simetria das forquilhas, pressão dos cilindros, regulagem dos freios, folga nos eixos, tambores de freio, lonas e catracas), caso esteja tudo normal verificar a operação do condutor (instrutores). | V333: 16196 | W333: =IFERROR(VLOOKUP(V333,RELATOR,2,FALSE),"") -> Everson Veloso
A334: =IF(B334>0,A333+1,"") -> 2629 | B334: 24822 | C334: 2 | D334: =IFERROR(VLOOKUP(C334,MEDIDA,2,FALSE),"") -> 275/80R22.5 | E334: 90218 | F334: DE | G334: 990 | H334: =IFERROR(VLOOKUP(G334,LOCAL,2,FALSE),"") -> VENEZA | I334: 45078 | J334: 45093 | K334: 0 | L334: 7480 | M334: 122503 | N334: =IFERROR(VLOOKUP(C334,MEDIDA,3,FALSE),"") -> 600 | R334: 70Q | S334: =IFERROR(VLOOKUP(R334,FVU,2,FALSE),"") -> Alteração na zona baixa do talão. | T334: =IFERROR(VLOOKUP(R334,FVU,3,FALSE),"") -> Aquecimento excessivo proveniente de anomalias do sistema de freio, mau posicionamento do pneu sobre o aro/roda, uso excessivo dos freios devido a velocidade incompatível com a via, pressão abaixo do recomendado rodas sujas e/ou em má condições de uso. | U334: =IFERROR(VLOOKUP(R334,FVU,4,FALSE),"") -> Verificar equalização das rodas (diferença de temperatura acima de 5°), efetuar inspeção no veículo (simetria das forquilhas, pressão dos cilindros, regulagem dos freios, folga nos eixos, tambores de freio, lonas e catracas). Efetuar limpezas e pinturas das rodas, caso esteja tudo normal verificar a operação do condutor (instrutores). | V334: 16196 | W334: =IFERROR(VLOOKUP(V334,RELATOR,2,FALSE),"") -> Everson Veloso
A335: =IF(B335>0,A334+1,"") -> 2630 | B335: 22325 | C335: 2 | D335: =IFERROR(VLOOKUP(C335,MEDIDA,2,FALSE),"") -> 275/80R22.5 | E335: 90345 | F335: TEI | G335: 990 | H335: =IFERROR(VLOOKUP(G335,LOCAL,2,FALSE),"") -> VENEZA | I335: 45077 | J335: 45093 | K335: 1 | L335: 45933 | M335: 217905 | N335: =IFERROR(VLOOKUP(C335,MEDIDA,3,FALSE),"") -> 600 | R335: 70Q | S335: =IFERROR(VLOOKUP(R335,FVU,2,FALSE),"") -> Alteração na zona baixa do talão. | T335: =IFERROR(VLOOKUP(R335,FVU,3,FALSE),"") -> Aquecimento excessivo proveniente de anomalias do sistema de freio, mau posicionamento do pneu sobre o aro/roda, uso excessivo dos freios devido a velocidade incompatível com a via, pressão abaixo do recomendado rodas sujas e/ou em má condições de uso. | U335: =IFERROR(VLOOKUP(R335,FVU,4,FALSE),"") -> Verificar equalização das rodas (diferença de temperatura acima de 5°), efetuar inspeção no veículo (simetria das forquilhas, pressão dos cilindros, regulagem dos freios, folga nos eixos, tambores de freio, lonas e catracas). Efetuar limpezas e pinturas das rodas, caso esteja tudo normal verificar a operação do condutor (instrutores). | V335: 16196 | W335: =IFERROR(VLOOKUP(V335,RELATOR,2,FALSE),"") -> Everson Veloso
A336: =IF(B336>0,A335+1,"") -> 2631 | B336: 22974 | C336: 2 | D336: =IFERROR(VLOOKUP(C336,MEDIDA,2,FALSE),"") -> 275/80R22.5 | E336: 90168 | F336: TEE | G336: 990 | H336: =IFERROR(VLOOKUP(G336,LOCAL,2,FALSE),"") -> VENEZA | I336: 45073 | J336: 45093 | K336: 1 | L336: 11725 | M336: 131455 | N336: =IFERROR(VLOOKUP(C336,MEDIDA,3,FALSE),"") -> 600 | R336: 70Q | S336: =IFERROR(VLOOKUP(R336,FVU,2,FALSE),"") -> Alteração na zona baixa do talão. | T336: =IFERROR(VLOOKUP(R336,FVU,3,FALSE),"") -> Aquecimento excessivo proveniente de anomalias do sistema de freio, mau posicionamento do pneu sobre o aro/roda, uso excessivo dos freios devido a velocidade incompatível com a via, pressão abaixo do recomendado rodas sujas e/ou em má condições de uso. | U336: =IFERROR(VLOOKUP(R336,FVU,4,FALSE),"") -> Verificar equalização das rodas (diferença de temperatura acima de 5°), efetuar inspeção no veículo (simetria das forquilhas, pressão dos cilindros, regulagem dos freios, folga nos eixos, tambores de freio, lonas e catracas). Efetuar limpezas e pinturas das rodas, caso esteja tudo normal verificar a operação do condutor (instrutores). | V336: 16196 | W336: =IFERROR(VLOOKUP(V336,RELATOR,2,FALSE),"") -> Everson Veloso
A337: =IF(B337>0,A336+1,"") -> 2632 | B337: 21197 | C337: 2 | D337: =IFERROR(VLOOKUP(C337,MEDIDA,2,FALSE),"") -> 275/80R22.5 | E337: 90435 | F337: TDE | G337: 990 | H337: =IFERROR(VLOOKUP(G337,LOCAL,2,FALSE),"") -> VENEZA | I337: 45066 | J337: 45093 | K337: 1 | L337: 1482 | M337: 132526 | N337: =IFERROR(VLOOKUP(C337,MEDIDA,3,FALSE),"") -> 600 | R337: 45F | S337: =IFERROR(VLOOKUP(R337,FVU,2,FALSE),"") -> Feridas acidentais no flanco. | T337: =IFERROR(VLOOKUP(R337,FVU,3,FALSE),"") -> Objetos pontiagudos, pontas de guias, meio-fio. | U337: =IFERROR(VLOOKUP(R337,FVU,4,FALSE),"") -> Impacto lateral proveniente de erro operacional, solicito avaliação de cobrança. | V337: 16196 | W337: =IFERROR(VLOOKUP(V337,RELATOR,2,FALSE),"") -> Everson Veloso
A338: =IF(B338>0,A337+1,"") -> 2633 | B338: 24605 | C338: 2 | D338: =IFERROR(VLOOKUP(C338,MEDIDA,2,FALSE),"") -> 275/80R22.5 | E338: 8426 | F338: TDI | G338: 56 | H338: =IFERROR(VLOOKUP(G338,LOCAL,2,FALSE),"") -> UBERLANDIA | I338: 45078 | J338: 45093 | K338: 1 | L338: 12648 | M338: 87868 | N338: =IFERROR(VLOOKUP(C338,MEDIDA,3,FALSE),"") -> 600 | R338: 70J | S338: =IFERROR(VLOOKUP(R338,FVU,2,FALSE),"") -> Desenrolamento do retorno da lona carcaça no talão. | T338: =IFERROR(VLOOKUP(R338,FVU,3,FALSE),"") -> Aquecimento no talão ocasionado pelo uso excessivo do freio, má regulagem dos freios, uso excessivo dos freios devido a velocidade incompatível com a via,rodas sujas e/ou em má condições de uso, etc. | U338: =IFERROR(VLOOKUP(R338,FVU,4,FALSE),"") -> Verificar equalização das rodas (diferença de temperatura acima de 5°), efetuar inspeção no veículo (simetria das forquilhas, pressão dos cilindros, regulagem dos freios, folga nos eixos, tambores de freio, lonas e catracas),Efetuar limpezas e pinturas das rodas, caso esteja tudo normal verificar a operação do condutor (instrutores). | V338: 16196 | W338: =IFERROR(VLOOKUP(V338,RELATOR,2,FALSE),"") -> Everson Veloso
A339: =IF(B339>0,A338+1,"") -> 2634 | B339: 22256 | C339: 2 | D339: =IFERROR(VLOOKUP(C339,MEDIDA,2,FALSE),"") -> 275/80R22.5 | E339: 7512 | F339: TEI | G339: 56 | H339: =IFERROR(VLOOKUP(G339,LOCAL,2,FALSE),"") -> UBERLANDIA | I339: 45076 | J339: 45093 | K339: 1 | L339: 9402 | M339: 135273 | N339: =IFERROR(VLOOKUP(C339,MEDIDA,3,FALSE),"") -> 600 | R339: 70K | S339: =IFERROR(VLOOKUP(R339,FVU,2,FALSE),"") -> Separações no talão e rupturas dos reforços. | T339: =IFERROR(VLOOKUP(R339,FVU,3,FALSE),"") -> Aquecimento excessivo no tambor de freio, utilização com sobrecarga ou baixa pressão, mau posicionamento do pneu sobre o aro/roda, uso excessivo dos freios devido a velocidade incompatível com a via. | U339: =IFERROR(VLOOKUP(R339,FVU,4,FALSE),"") -> Verificar equalização das rodas (diferença de temperatura acima de 5°), efetuar inspeção no veículo (simetria das forquilhas, pressão dos cilindros, regulagem dos freios, folga nos eixos, tambores de freio, lonas e catracas), caso esteja tudo normal verificar a operação do condutor (instrutores). | V339: 16196 | W339: =IFERROR(VLOOKUP(V339,RELATOR,2,FALSE),"") -> Everson Veloso
... A362: =IF(B362>0,A361+1,"") -> 2657 | B362: 22013 | C362: 1 | D362: =IFERROR(VLOOKUP(C362,MEDIDA,2,FALSE),"") -> 295/80R22.5 | E362: 50 | F362: 1EE | G362: 870 | H362: =IFERROR(VLOOKUP(G362,LOCAL,2,FALSE),"") -> JUSTINOPOLIS | I362: 45092 | J362: 45105 | K362: 2 | L362: 42229 | M362: 135822 | N362: =IFERROR(VLOOKUP(C362,MEDIDA,3,FALSE),"") -> 650 | R362: 45D | S362: =IFERROR(VLOOKUP(R362,FVU,2,FALSE),"") -> Desgaste irregular da Banda de Rodagem. | T362: =IFERROR(VLOOKUP(R362,FVU,3,FALSE),"") -> Folgas nas mangas, cubos, buchas estouradas, veículo desalinhado. | U362: =IFERROR(VLOOKUP(R362,FVU,4,FALSE),"") -> Verificar folgas nas mangas, cubos e eixos, verificar buchas das barras, amortecedores e suspensão em geral, verificar alinhamento do veículo. Orientar o colaborador a efetuar rodízios e "viradas na roda" quando necessário, além de fazer o acompanhamento das profundidades dos sulcos no pneu. | V362: 16196 | W362: =IFERROR(VLOOKUP(V362,RELATOR,2,FALSE),"") -> Everson Veloso
A363: =IF(B363>0,A362+1,"") -> 2658 | B363: 20340 | C363: 2 | D363: =IFERROR(VLOOKUP(C363,MEDIDA,2,FALSE),"") -> 275/80R22.5 | E363: A10990 | F363: TDI | G363: 870 | H363: =IFERROR(VLOOKUP(G363,LOCAL,2,FALSE),"") -> JUSTINOPOLIS | I363: 45093 | J363: 45105 | K363: 2 | L363: 17204 | M363: 235496 | N363: =IFERROR(VLOOKUP(C363,MEDIDA,3,FALSE),"") -> 600 | R363: 70R | S363: =IFERROR(VLOOKUP(R363,FVU,2,FALSE),"") -> Rachadura na zona baixa do talão. | T363: =IFERROR(VLOOKUP(R363,FVU,3,FALSE),"") -> Aquecimento excessivo proveniente de anomalias do sistema de freio, mau posicionamento do pneu sobre o aro/roda, roda em mau estado de conservação, uso excessivo dos freios devido a velocidade incompatível com a via, pressão abaixo do recomendado rodas sujas e/ou em má condições de uso. | U363: =IFERROR(VLOOKUP(R363,FVU,4,FALSE),"") -> Verificar equalização das rodas (diferença de temperatura acima de 5°), efetuar inspeção no veículo (simetria das forquilhas, pressão dos cilindros, regulagem dos freios, folga nos eixos, tambores de freio, lonas e catracas), caso esteja tudo normal verificar a operação do condutor (instrutores). | V363: 16196 | W363: =IFERROR(VLOOKUP(V363,RELATOR,2,FALSE),"") -> Everson Veloso
A364: =IF(B364>0,A363+1,"") -> 2659 | B364: 24891 | C364: 2 | D364: =IFERROR(VLOOKUP(C364,MEDIDA,2,FALSE),"") -> 275/80R22.5 | E364: 20452 | F364: DE | G364: 98 | H364: =IFERROR(VLOOKUP(G364,LOCAL,2,FALSE),"") -> ANA LUCIA | I364: 45093 | J364: 45105 | K364: 0 | L364: 9076 | M364: 62402 | N364: =IFERROR(VLOOKUP(C364,MEDIDA,3,FALSE),"") -> 600 | R364: 45D | S364: =IFERROR(VLOOKUP(R364,FVU,2,FALSE),"") -> Desgaste irregular da Banda de Rodagem. | T364: =IFERROR(VLOOKUP(R364,FVU,3,FALSE),"") -> Folgas nas mangas, cubos, buchas estouradas, veículo desalinhado. | U364: =IFERROR(VLOOKUP(R364,FVU,4,FALSE),"") -> Verificar folgas nas mangas, cubos e eixos, verificar buchas das barras, amortecedores e suspensão em geral, verificar alinhamento do veículo. Orientar o colaborador a efetuar rodízios e "viradas na roda" quando necessário, além de fazer o acompanhamento das profundidades dos sulcos no pneu. | V364: 16196 | W364: =IFERROR(VLOOKUP(V364,RELATOR,2,FALSE),"") -> Everson Veloso
A365: =IF(B365>0,A364+1,"") -> 2660 | B365: 23654 | C365: 2 | D365: =IFERROR(VLOOKUP(C365,MEDIDA,2,FALSE),"") -> 275/80R22.5 | E365: 11195 | F365: TDE | G365: 98 | H365: =IFERROR(VLOOKUP(G365,LOCAL,2,FALSE),"") -> ANA LUCIA | I365: 45092 | J365: 45105 | K365: 1 | L365: 9507 | M365: 112001 | N365: =IFERROR(VLOOKUP(C365,MEDIDA,3,FALSE),"") -> 600 | R365: 45F | S365: =IFERROR(VLOOKUP(R365,FVU,2,FALSE),"") -> Feridas acidentais no flanco. | T365: =IFERROR(VLOOKUP(R365,FVU,3,FALSE),"") -> Objetos pontiagudos, pontas de guias, meio-fio. | U365: =IFERROR(VLOOKUP(R365,FVU,4,FALSE),"") -> Impacto lateral proveniente de erro operacional, solicito avaliação de cobrança. | V365: 16196 | W365: =IFERROR(VLOOKUP(V365,RELATOR,2,FALSE),"") -> Everson Veloso
A366: =IF(B366>0,A365+1,"") -> 2661 | B366: 25159 | C366: 2 | D366: =IFERROR(VLOOKUP(C366,MEDIDA,2,FALSE),"") -> 275/80R22.5 | E366: 90307 | F366: TDI | G366: 520 | H366: =IFERROR(VLOOKUP(G366,LOCAL,2,FALSE),"") -> NEVES | I366: 45096 | J366: 45105 | K366: 1 | L366: 15558 | M366: 69028 | N366: =IFERROR(VLOOKUP(C366,MEDIDA,3,FALSE),"") -> 600 | R366: 70J | S366: =IFERROR(VLOOKUP(R366,FVU,2,FALSE),"") -> Desenrolamento do retorno da lona carcaça no talão. | T366: =IFERROR(VLOOKUP(R366,FVU,3,FALSE),"") -> Aquecimento no talão ocasionado pelo uso excessivo do freio, má regulagem dos freios, uso excessivo dos freios devido a velocidade incompatível com a via,rodas sujas e/ou em má condições de uso, etc. | U366: =IFERROR(VLOOKUP(R366,FVU,4,FALSE),"") -> Verificar equalização das rodas (diferença de temperatura acima de 5°), efetuar inspeção no veículo (simetria das forquilhas, pressão dos cilindros, regulagem dos freios, folga nos eixos, tambores de freio, lonas e catracas),Efetuar limpezas e pinturas das rodas, caso esteja tudo normal verificar a operação do condutor (instrutores). | V366: 16196 | W366: =IFERROR(VLOOKUP(V366,RELATOR,2,FALSE),"") -> Everson Veloso
A367: =IF(B367>0,A366+1,"") -> 2662 | B367: 20459 | C367: 2 | D367: =IFERROR(VLOOKUP(C367,MEDIDA,2,FALSE),"") -> 275/80R22.5 | E367: 10803 | F367: TEI | G367: 870 | H367: =IFERROR(VLOOKUP(G367,LOCAL,2,FALSE),"") -> JUSTINOPOLIS | I367: 45096 | J367: 45105 | K367: 3 | L367: 2537 | M367: 155565 | N367: =IFERROR(VLOOKUP(C367,MEDIDA,3,FALSE),"") -> 600 | R367: 70J | S367: =IFERROR(VLOOKUP(R367,FVU,2,FALSE),"") -> Desenrolamento do retorno da lona carcaça no talão. | T367: =IFERROR(VLOOKUP(R367,FVU,3,FALSE),"") -> Aquecimento no talão ocasionado pelo uso excessivo do freio, má regulagem dos freios, uso excessivo dos freios devido a velocidade incompatível com a via,rodas sujas e/ou em má condições de uso, etc. | U367: =IFERROR(VLOOKUP(R367,FVU,4,FALSE),"") -> Verificar equalização das rodas (diferença de temperatura acima de 5°), efetuar inspeção no veículo (simetria das forquilhas, pressão dos cilindros, regulagem dos freios, folga nos eixos, tambores de freio, lonas e catracas),Efetuar limpezas e pinturas das rodas, caso esteja tudo normal verificar a operação do condutor (instrutores). | V367: 16196 | W367: =IFERROR(VLOOKUP(V367,RELATOR,2,FALSE),"") -> Everson Veloso
A368: =IF(B368>0,A367+1,"") -> 2663 | B368: 22864 | C368: 2 | D368: =IFERROR(VLOOKUP(C368,MEDIDA,2,FALSE),"") -> 275/80R22.5 | E368: 10761 | F368: TDI | G368: 870 | H368: =IFERROR(VLOOKUP(G368,LOCAL,2,FALSE),"") -> JUSTINOPOLIS | I368: 45094 | J368: 45105 | K368: 1 | L368: 50298 | M368: 127464 | N368: =IFERROR(VLOOKUP(C368,MEDIDA,3,FALSE),"") -> 600 | R368: 70R | S368: =IFERROR(VLOOKUP(R368,FVU,2,FALSE),"") -> Rachadura na zona baixa do talão. | T368: =IFERROR(VLOOKUP(R368,FVU,3,FALSE),"") -> Aquecimento excessivo proveniente de anomalias do sistema de freio, mau posicionamento do pneu sobre o aro/roda, roda em mau estado de conservação, uso excessivo dos freios devido a velocidade incompatível com a via, pressão abaixo do recomendado rodas sujas e/ou em má condições de uso. | U368: =IFERROR(VLOOKUP(R368,FVU,4,FALSE),"") -> Verificar equalização das rodas (diferença de temperatura acima de 5°), efetuar inspeção no veículo (simetria das forquilhas, pressão dos cilindros, regulagem dos freios, folga nos eixos, tambores de freio, lonas e catracas), caso esteja tudo normal verificar a operação do condutor (instrutores). | V368: 16196 | W368: =IFERROR(VLOOKUP(V368,RELATOR,2,FALSE),"") -> Everson Veloso
A369: =IF(B369>0,A368+1,"") -> 2664 | B369: 25482 | C369: 2 | D369: =IFERROR(VLOOKUP(C369,MEDIDA,2,FALSE),"") -> 275/80R22.5 | E369: 90190 | F369: DD | G369: 990 | H369: =IFERROR(VLOOKUP(G369,LOCAL,2,FALSE),"") -> VENEZA | I369: 45091 | J369: 45105 | K369: 0 | L369: 29422 | M369: 82628 | N369: =IFERROR(VLOOKUP(C369,MEDIDA,3,FALSE),"") -> 600 | R369: 45G | S369: =IFERROR(VLOOKUP(R369,FVU,2,FALSE),"") -> Deterioração do flanco por choque. | T369: =IFERROR(VLOOKUP(R369,FVU,3,FALSE),"") -> Choque e/ou beliscões no flanco ocasionado pela passagem em buracos ou durante a subida do meio-fio (calçada), desníveis em cabeceiras e pontes, viadutos etc. | U369: =IFERROR(VLOOKUP(R369,FVU,4,FALSE),"") -> Impacto lateral proveniente de erro operacional, solicito avaliação de cobrança. | V369: 16196 | W369: =IFERROR(VLOOKUP(V369,RELATOR,2,FALSE),"") -> Everson Veloso
A370: =IF(B370>0,A369+1,"") -> 2665 | B370: 24908 | C370: 2 | D370: =IFERROR(VLOOKUP(C370,MEDIDA,2,FALSE),"") -> 275/80R22.5 | E370: 90348 | F370: DD | G370: 990 | H370: =IFERROR(VLOOKUP(G370,LOCAL,2,FALSE),"") -> VENEZA | I370: 45093 | J370: 45114 | K370: 0 | L370: 11845 | M370: 114719 | N370: =IFERROR(VLOOKUP(C370,MEDIDA,3,FALSE),"") -> 600 | R370: 45D | S370: =IFERROR(VLOOKUP(R370,FVU,2,FALSE),"") -> Desgaste irregular da Banda de Rodagem. | T370: =IFERROR(VLOOKUP(R370,FVU,3,FALSE),"") -> Folgas nas mangas, cubos, buchas estouradas, veículo desalinhado. | U370: =IFERROR(VLOOKUP(R370,FVU,4,FALSE),"") -> Verificar folgas nas mangas, cubos e eixos, verificar buchas das barras, amortecedores e suspensão em geral, verificar alinhamento do veículo. Orientar o colaborador a efetuar rodízios e "viradas na roda" quando necessário, além de fazer o acompanhamento das profundidades dos sulcos no pneu. | V370: 16196 | W370: =IFERROR(VLOOKUP(V370,RELATOR,2,FALSE),"") -> Everson Veloso | Z370: 45N
A371: =IF(B371>0,A370+1,"") -> 2666 | B371: 22829 | C371: 2 | D371: =IFERROR(VLOOKUP(C371,MEDIDA,2,FALSE),"") -> 275/80R22.5 | E371: 20720 | F371: TDE | G371: 870 | H371: =IFERROR(VLOOKUP(G371,LOCAL,2,FALSE),"") -> JUSTINOPOLIS | I371: 45098 | J371: 45114 | K371: 1 | L371: 22589 | M371: 99232 | N371: =IFERROR(VLOOKUP(C371,MEDIDA,3,FALSE),"") -> 600 | R371: 70R | S371: =IFERROR(VLOOKUP(R371,FVU,2,FALSE),"") -> Rachadura na zona baixa do talão. | T371: =IFERROR(VLOOKUP(R371,FVU,3,FALSE),"") -> Aquecimento excessivo proveniente de anomalias do sistema de freio, mau posicionamento do pneu sobre o aro/roda, roda em mau estado de conservação, uso excessivo dos freios devido a velocidade incompatível com a via, pressão abaixo do recomendado rodas sujas e/ou em má condições de uso. | U371: =IFERROR(VLOOKUP(R371,FVU,4,FALSE),"") -> Verificar equalização das rodas (diferença de temperatura acima de 5°), efetuar inspeção no veículo (simetria das forquilhas, pressão dos cilindros, regulagem dos freios, folga nos eixos, tambores de freio, lonas e catracas), caso esteja tudo normal verificar a operação do condutor (instrutores). | V371: 16196 | W371: =IFERROR(VLOOKUP(V371,RELATOR,2,FALSE),"") -> Everson Veloso | Z371: 45R
A372: =IF(B372>0,A371+1,"") -> 2667 | B372: 21733 | C372: 2 | D372: =IFERROR(VLOOKUP(C372,MEDIDA,2,FALSE),"") -> 275/80R22.5 | E372: 10658 | F372: TDI | G372: 870 | H372: =IFERROR(VLOOKUP(G372,LOCAL,2,FALSE),"") -> JUSTINOPOLIS | I372: 45100 | J372: 45114 | K372: 2 | L372: 25330 | M372: 255986 | N372: =IFERROR(VLOOKUP(C372,MEDIDA,3,FALSE),"") -> 600 | R372: 70R | S372: =IFERROR(VLOOKUP(R372,FVU,2,FALSE),"") -> Rachadura na zona baixa do talão. | T372: =IFERROR(VLOOKUP(R372,FVU,3,FALSE),"") -> Aquecimento excessivo proveniente de anomalias do sistema de freio, mau posicionamento do pneu sobre o aro/roda, roda em mau estado de conservação, uso excessivo dos freios devido a velocidade incompatível com a via, pressão abaixo do recomendado rodas sujas e/ou em má condições de uso. | U372: =IFERROR(VLOOKUP(R372,FVU,4,FALSE),"") -> Verificar equalização das rodas (diferença de temperatura acima de 5°), efetuar inspeção no veículo (simetria das forquilhas, pressão dos cilindros, regulagem dos freios, folga nos eixos, tambores de freio, lonas e catracas), caso esteja tudo normal verificar a operação do condutor (instrutores). | V372: 16196 | W372: =IFERROR(VLOOKUP(V372,RELATOR,2,FALSE),"") -> Everson Veloso | Z372: 45D
A373: =IF(B373>0,A372+1,"") -> 2668 | B373: 20675 | C373: 2 | D373: =IFERROR(VLOOKUP(C373,MEDIDA,2,FALSE),"") -> 275/80R22.5 | E373: 10658 | F373: TDE | G373: 870 | H373: =IFERROR(VLOOKUP(G373,LOCAL,2,FALSE),"") -> JUSTINOPOLIS | I373: 45100 | J373: 45114 | K373: 2 | L373: 25330 | M373: 221525 | N373: =IFERROR(VLOOKUP(C373,MEDIDA,3,FALSE),"") -> 600 | R373: 70K | S373: =IFERROR(VLOOKUP(R373,FVU,2,FALSE),"") -> Separações no talão e rupturas dos reforços. | T373: =IFERROR(VLOOKUP(R373,FVU,3,FALSE),"") -> Aquecimento excessivo no tambor de freio, utilização com sobrecarga ou baixa pressão, mau posicionamento do pneu sobre o aro/roda, uso excessivo dos freios devido a velocidade incompatível com a via. | U373: =IFERROR(VLOOKUP(R373,FVU,4,FALSE),"") -> Verificar equalização das rodas (diferença de temperatura acima de 5°), efetuar inspeção no veículo (simetria das forquilhas, pressão dos cilindros, regulagem dos freios, folga nos eixos, tambores de freio, lonas e catracas), caso esteja tudo normal verificar a operação do condutor (instrutores). | V373: 16196 | W373: =IFERROR(VLOOKUP(V373,RELATOR,2,FALSE),"") -> Everson Veloso | Z373: 48D
A374: =IF(B374>0,A373+1,"") -> 2669 | B374: 20146 | C374: 2 | D374: =IFERROR(VLOOKUP(C374,MEDIDA,2,FALSE),"") -> 275/80R22.5 | E374: 10823 | F374: TEE | G374: 870 | H374: =IFERROR(VLOOKUP(G374,LOCAL,2,FALSE),"") -> JUSTINOPOLIS | I374: 45099 | J374: 45114 | K374: 3 | L374: 18461 | M374: 157622 | N374: =IFERROR(VLOOKUP(C374,MEDIDA,3,FALSE),"") -> 600 | R374: 70K | S374: =IFERROR(VLOOKUP(R374,FVU,2,FALSE),"") -> Separações no talão e rupturas dos reforços. | T374: =IFERROR(VLOOKUP(R374,FVU,3,FALSE),"") -> Aquecimento excessivo no tambor de freio, utilização com sobrecarga ou baixa pressão, mau posicionamento do pneu sobre o aro/roda, uso excessivo dos freios devido a velocidade incompatível com a via. | U374: =IFERROR(VLOOKUP(R374,FVU,4,FALSE),"") -> Verificar equalização das rodas (diferença de temperatura acima de 5°), efetuar inspeção no veículo (simetria das forquilhas, pressão dos cilindros, regulagem dos freios, folga nos eixos, tambores de freio, lonas e catracas), caso esteja tudo normal verificar a operação do condutor (instrutores). | V374: 16196 | W374: =IFERROR(VLOOKUP(V374,RELATOR,2,FALSE),"") -> Everson Veloso | Z374: 70J
A375: =IF(B375>0,A374+1,"") -> 2670 | B375: 24183 | C375: 1 | D375: =IFERROR(VLOOKUP(C375,MEDIDA,2,FALSE),"") -> 295/80R22.5 | E375: 90314 | F375: TEI | G375: 870 | H375: =IFERROR(VLOOKUP(G375,LOCAL,2,FALSE),"") -> JUSTINOPOLIS | I375: 44974 | J375: 45114 | K375: 0 | L375: 22096 | M375: 60705 | N375: =IFERROR(VLOOKUP(C375,MEDIDA,3,FALSE),"") -> 650 | R375: 45R | S375: =IFERROR(VLOOKUP(R375,FVU,2,FALSE),"") -> Pneu não ressulcado | T375: =IFERROR(VLOOKUP(R375,FVU,3,FALSE),"") -> Negligência e/ou não realização do serviço de ressulcagem. | U375: =IFERROR(VLOOKUP(R375,FVU,4,FALSE),"") -> Realizar a ressulcagem dos pneus respeitando os procedimentos conforme manual de ressulcagem. | V375: 16196 | W375: =IFERROR(VLOOKUP(V375,RELATOR,2,FALSE),"") -> Everson Veloso | Z375: 70K
A376: =IF(B376>0,A375+1,"") -> 2671 | B376: 22389 | C376: 2 | D376: =IFERROR(VLOOKUP(C376,MEDIDA,2,FALSE),"") -> 275/80R22.5 | E376: 10756 | F376: TEE | G376: 870 | H376: =IFERROR(VLOOKUP(G376,LOCAL,2,FALSE),"") -> JUSTINOPOLIS | I376: 45103 | J376: 45114 | K376: 1 | L376: 5660 | M376: 114155 | N376: =IFERROR(VLOOKUP(C376,MEDIDA,3,FALSE),"") -> 600 | R376: 70K | S376: =IFERROR(VLOOKUP(R376,FVU,2,FALSE),"") -> Separações no talão e rupturas dos reforços. | T376: =IFERROR(VLOOKUP(R376,FVU,3,FALSE),"") -> Aquecimento excessivo no tambor de freio, utilização com sobrecarga ou baixa pressão, mau posicionamento do pneu sobre o aro/roda, uso excessivo dos freios devido a velocidade incompatível com a via. | U376: =IFERROR(VLOOKUP(R376,FVU,4,FALSE),"") -> Verificar equalização das rodas (diferença de temperatura acima de 5°), efetuar inspeção no veículo (simetria das forquilhas, pressão dos cilindros, regulagem dos freios, folga nos eixos, tambores de freio, lonas e catracas), caso esteja tudo normal verificar a operação do condutor (instrutores). | V376: 16196 | W376: =IFERROR(VLOOKUP(V376,RELATOR,2,FALSE),"") -> Everson Veloso | Z376: 70L
A377: =IF(B377>0,A376+1,"") -> 2672 | B377: 22363 | C377: 2 | D377: =IFERROR(VLOOKUP(C377,MEDIDA,2,FALSE),"") -> 275/80R22.5 | E377: 90425 | F377: TDI | G377: 990 | H377: =IFERROR(VLOOKUP(G377,LOCAL,2,FALSE),"") -> VENEZA | I377: 45103 | J377: 45114 | K377: 1 | L377: 7383 | M377: 140433 | N377: =IFERROR(VLOOKUP(C377,MEDIDA,3,FALSE),"") -> 600 | R377: 70R | S377: =IFERROR(VLOOKUP(R377,FVU,2,FALSE),"") -> Rachadura na zona baixa do talão. | T377: =IFERROR(VLOOKUP(R377,FVU,3,FALSE),"") -> Aquecimento excessivo proveniente de anomalias do sistema de freio, mau posicionamento do pneu sobre o aro/roda, roda em mau estado de conservação, uso excessivo dos freios devido a velocidade incompatível com a via, pressão abaixo do recomendado rodas sujas e/ou em má condições de uso. | U377: =IFERROR(VLOOKUP(R377,FVU,4,FALSE),"") -> Verificar equalização das rodas (diferença de temperatura acima de 5°), efetuar inspeção no veículo (simetria das forquilhas, pressão dos cilindros, regulagem dos freios, folga nos eixos, tambores de freio, lonas e catracas), caso esteja tudo normal verificar a operação do condutor (instrutores). | V377: 16196 | W377: =IFERROR(VLOOKUP(V377,RELATOR,2,FALSE),"") -> Everson Veloso | Z377: 70Q
A378: =IF(B378>0,A377+1,"") -> 2673 | B378: 22233 | C378: 2 | D378: =IFERROR(VLOOKUP(C378,MEDIDA,2,FALSE),"") -> 275/80R22.5 | E378: 90387 | F378: TEE | G378: 990 | H378: =IFERROR(VLOOKUP(G378,LOCAL,2,FALSE),"") -> VENEZA | I378: 45101 | J378: 45114 | K378: 1 | L378: 12858 | M378: 220696 | N378: =IFERROR(VLOOKUP(C378,MEDIDA,3,FALSE),"") -> 600 | R378: 70R | S378: =IFERROR(VLOOKUP(R378,FVU,2,FALSE),"") -> Rachadura na zona baixa do talão. | T378: =IFERROR(VLOOKUP(R378,FVU,3,FALSE),"") -> Aquecimento excessivo proveniente de anomalias do sistema de freio, mau posicionamento do pneu sobre o aro/roda, roda em mau estado de conservação, uso excessivo dos freios devido a velocidade incompatível com a via, pressão abaixo do recomendado rodas sujas e/ou em má condições de uso. | U378: =IFERROR(VLOOKUP(R378,FVU,4,FALSE),"") -> Verificar equalização das rodas (diferença de temperatura acima de 5°), efetuar inspeção no veículo (simetria das forquilhas, pressão dos cilindros, regulagem dos freios, folga nos eixos, tambores de freio, lonas e catracas), caso esteja tudo normal verificar a operação do condutor (instrutores). | V378: 16196 | W378: =IFERROR(VLOOKUP(V378,RELATOR,2,FALSE),"") -> Everson Veloso | Z378: 70R
A379: =IF(B379>0,A378+1,"") -> 2674 | B379: 22011 | C379: 2 | D379: =IFERROR(VLOOKUP(C379,MEDIDA,2,FALSE),"") -> 275/80R22.5 | E379: 10801 | F379: TDI | G379: 870 | H379: =IFERROR(VLOOKUP(G379,LOCAL,2,FALSE),"") -> JUSTINOPOLIS | I379: 45101 | J379: 45114 | K379: 2 | L379: 3519 | M379: 165203 | N379: =IFERROR(VLOOKUP(C379,MEDIDA,3,FALSE),"") -> 600 | R379: 70R | S379: =IFERROR(VLOOKUP(R379,FVU,2,FALSE),"") -> Rachadura na zona baixa do talão. | T379: =IFERROR(VLOOKUP(R379,FVU,3,FALSE),"") -> Aquecimento excessivo proveniente de anomalias do sistema de freio, mau posicionamento do pneu sobre o aro/roda, roda em mau estado de conservação, uso excessivo dos freios devido a velocidade incompatível com a via, pressão abaixo do recomendado rodas sujas e/ou em má condições de uso. | U379: =IFERROR(VLOOKUP(R379,FVU,4,FALSE),"") -> Verificar equalização das rodas (diferença de temperatura acima de 5°), efetuar inspeção no veículo (simetria das forquilhas, pressão dos cilindros, regulagem dos freios, folga nos eixos, tambores de freio, lonas e catracas), caso esteja tudo normal verificar a operação do condutor (instrutores). | V379: 16196 | W379: =IFERROR(VLOOKUP(V379,RELATOR,2,FALSE),"") -> Everson Veloso | Z379: 71J
A380: =IF(B380>0,A379+1,"") -> 2675 | B380: 26554 | C380: 1 | D380: =IFERROR(VLOOKUP(C380,MEDIDA,2,FALSE),"") -> 295/80R22.5 | E380: 90323 | F380: TKDI | G380: 520 | H380: =IFERROR(VLOOKUP(G380,LOCAL,2,FALSE),"") -> NEVES | I380: 45097 | J380: 45114 | K380: 0 | L380: 7878 | M380: 12108 | N380: =IFERROR(VLOOKUP(C380,MEDIDA,3,FALSE),"") -> 650 | R380: 70J | S380: =IFERROR(VLOOKUP(R380,FVU,2,FALSE),"") -> Desenrolamento do retorno da lona carcaça no talão. | T380: =IFERROR(VLOOKUP(R380,FVU,3,FALSE),"") -> Aquecimento no talão ocasionado pelo uso excessivo do freio, má regulagem dos freios, uso excessivo dos freios devido a velocidade incompatível com a via,rodas sujas e/ou em má condições de uso, etc. | U380: =IFERROR(VLOOKUP(R380,FVU,4,FALSE),"") -> Verificar equalização das rodas (diferença de temperatura acima de 5°), efetuar inspeção no veículo (simetria das forquilhas, pressão dos cilindros, regulagem dos freios, folga nos eixos, tambores de freio, lonas e catracas),Efetuar limpezas e pinturas das rodas, caso esteja tudo normal verificar a operação do condutor (instrutores). | V380: 16196 | W380: =IFERROR(VLOOKUP(V380,RELATOR,2,FALSE),"") -> Everson Veloso | Z380: 71k
A381: =IF(B381>0,A380+1,"") -> 2676 | B381: 24724 | C381: 2 | D381: =IFERROR(VLOOKUP(C381,MEDIDA,2,FALSE),"") -> 275/80R22.5 | E381: 90414 | F381: DD | G381: 520 | H381: =IFERROR(VLOOKUP(G381,LOCAL,2,FALSE),"") -> NEVES | I381: 45103 | J381: 45114 | K381: 0 | L381: 8304 | M381: 134697 | N381: =IFERROR(VLOOKUP(C381,MEDIDA,3,FALSE),"") -> 600 | R381: 70R | S381: =IFERROR(VLOOKUP(R381,FVU,2,FALSE),"") -> Rachadura na zona baixa do talão. | T381: =IFERROR(VLOOKUP(R381,FVU,3,FALSE),"") -> Aquecimento excessivo proveniente de anomalias do sistema de freio, mau posicionamento do pneu sobre o aro/roda, roda em mau estado de conservação, uso excessivo dos freios devido a velocidade incompatível com a via, pressão abaixo do recomendado rodas sujas e/ou em má condições de uso. | U381: =IFERROR(VLOOKUP(R381,FVU,4,FALSE),"") -> Verificar equalização das rodas (diferença de temperatura acima de 5°), efetuar inspeção no veículo (simetria das forquilhas, pressão dos cilindros, regulagem dos freios, folga nos eixos, tambores de freio, lonas e catracas), caso esteja tudo normal verificar a operação do condutor (instrutores). | V381: 16196 | W381: =IFERROR(VLOOKUP(V381,RELATOR,2,FALSE),"") -> Everson Veloso | Z381: PENDENTE
A382: =IF(B382>0,A381+1,"") -> 2677 | B382: 26185 | C382: 2 | D382: =IFERROR(VLOOKUP(C382,MEDIDA,2,FALSE),"") -> 275/80R22.5 | E382: 8438 | F382: DD | G382: 56 | H382: =IFERROR(VLOOKUP(G382,LOCAL,2,FALSE),"") -> UBERLANDIA | I382: 45099 | J382: 45114 | K382: 0 | L382: 19229 | M382: 42888 | N382: =IFERROR(VLOOKUP(C382,MEDIDA,3,FALSE),"") -> 600 | R382: 45D | S382: =IFERROR(VLOOKUP(R382,FVU,2,FALSE),"") -> Desgaste irregular da Banda de Rodagem. | T382: =IFERROR(VLOOKUP(R382,FVU,3,FALSE),"") -> Folgas nas mangas, cubos, buchas estouradas, veículo desalinhado. | U382: =IFERROR(VLOOKUP(R382,FVU,4,FALSE),"") -> Verificar folgas nas mangas, cubos e eixos, verificar buchas das barras, amortecedores e suspensão em geral, verificar alinhamento do veículo. Orientar o colaborador a efetuar rodízios e "viradas na roda" quando necessário, além de fazer o acompanhamento das profundidades dos sulcos no pneu. | V382: 16196 | W382: =IFERROR(VLOOKUP(V382,RELATOR,2,FALSE),"") -> Everson Veloso
A383: =IF(B383>0,A382+1,"") -> 2678 | B383: 23970 | C383: 2 | D383: =IFERROR(VLOOKUP(C383,MEDIDA,2,FALSE),"") -> 275/80R22.5 | E383: 7335 | F383: TEI | G383: 56 | H383: =IFERROR(VLOOKUP(G383,LOCAL,2,FALSE),"") -> UBERLANDIA | I383: 45106 | J383: 45114 | K383: 0 | L383: 7867 | M383: 73365 | N383: =IFERROR(VLOOKUP(C383,MEDIDA,3,FALSE),"") -> 600 | R383: 45D | S383: =IFERROR(VLOOKUP(R383,FVU,2,FALSE),"") -> Desgaste irregular da Banda de Rodagem. | T383: =IFERROR(VLOOKUP(R383,FVU,3,FALSE),"") -> Folgas nas mangas, cubos, buchas estouradas, veículo desalinhado. | U383: =IFERROR(VLOOKUP(R383,FVU,4,FALSE),"") -> Verificar folgas nas mangas, cubos e eixos, verificar buchas das barras, amortecedores e suspensão em geral, verificar alinhamento do veículo. Orientar o colaborador a efetuar rodízios e "viradas na roda" quando necessário, além de fazer o acompanhamento das profundidades dos sulcos no pneu. | V383: 16196 | W383: =IFERROR(VLOOKUP(V383,RELATOR,2,FALSE),"") -> Everson Veloso
A384: =IF(B384>0,A383+1,"") -> 2679 | B384: 26351 | C384: 2 | D384: =IFERROR(VLOOKUP(C384,MEDIDA,2,FALSE),"") -> 275/80R22.5 | E384: 8426 | F384: DD | G384: 56 | H384: =IFERROR(VLOOKUP(G384,LOCAL,2,FALSE),"") -> UBERLANDIA | I384: 45101 | J384: 45114 | K384: 0 | L384: 16967 | M384: 36352 | N384: =IFERROR(VLOOKUP(C384,MEDIDA,3,FALSE),"") -> 600 | R384: 45D | S384: =IFERROR(VLOOKUP(R384,FVU,2,FALSE),"") -> Desgaste irregular da Banda de Rodagem. | T384: =IFERROR(VLOOKUP(R384,FVU,3,FALSE),"") -> Folgas nas mangas, cubos, buchas estouradas, veículo desalinhado. | U384: =IFERROR(VLOOKUP(R384,FVU,4,FALSE),"") -> Verificar folgas nas mangas, cubos e eixos, verificar buchas das barras, amortecedores e suspensão em geral, verificar alinhamento do veículo. Orientar o colaborador a efetuar rodízios e "viradas na roda" quando necessário, além de fazer o acompanhamento das profundidades dos sulcos no pneu. | V384: 16196 | W384: =IFERROR(VLOOKUP(V384,RELATOR,2,FALSE),"") -> Everson Veloso
A385: =IF(B385>0,A384+1,"") -> 2680 | B385: 25725 | C385: 2 | D385: =IFERROR(VLOOKUP(C385,MEDIDA,2,FALSE),"") -> 275/80R22.5 | E385: 7506 | F385: DE | G385: 56 | H385: =IFERROR(VLOOKUP(G385,LOCAL,2,FALSE),"") -> UBERLANDIA | I385: 45098 | J385: 45114 | K385: 0 | L385: 14600 | M385: 52571 | N385: =IFERROR(VLOOKUP(C385,MEDIDA,3,FALSE),"") -> 600 | R385: 45D | S385: =IFERROR(VLOOKUP(R385,FVU,2,FALSE),"") -> Desgaste irregular da Banda de Rodagem. | T385: =IFERROR(VLOOKUP(R385,FVU,3,FALSE),"") -> Folgas nas mangas, cubos, buchas estouradas, veículo desalinhado. | U385: =IFERROR(VLOOKUP(R385,FVU,4,FALSE),"") -> Verificar folgas nas mangas, cubos e eixos, verificar buchas das barras, amortecedores e suspensão em geral, verificar alinhamento do veículo. Orientar o colaborador a efetuar rodízios e "viradas na roda" quando necessário, além de fazer o acompanhamento das profundidades dos sulcos no pneu. | V385: 16196 | W385: =IFERROR(VLOOKUP(V385,RELATOR,2,FALSE),"") -> Everson Veloso
A386: =IF(B386>0,A385+1,"") -> 2681 | B386: 24798 | C386: 2 | D386: =IFERROR(VLOOKUP(C386,MEDIDA,2,FALSE),"") -> 275/80R22.5 | E386: 90398 | F386: TDI | G386: 520 | H386: =IFERROR(VLOOKUP(G386,LOCAL,2,FALSE),"") -> NEVES | I386: 45106 | J386: 45114 | K386: 0 | L386: 18594 | M386: 73798 | N386: =IFERROR(VLOOKUP(C386,MEDIDA,3,FALSE),"") -> 600 | R386: 70Q | S386: =IFERROR(VLOOKUP(R386,FVU,2,FALSE),"") -> Alteração na zona baixa do talão. | T386: =IFERROR(VLOOKUP(R386,FVU,3,FALSE),"") -> Aquecimento excessivo proveniente de anomalias do sistema de freio, mau posicionamento do pneu sobre o aro/roda, uso excessivo dos freios devido a velocidade incompatível com a via, pressão abaixo do recomendado rodas sujas e/ou em má condições de uso. | U386: =IFERROR(VLOOKUP(R386,FVU,4,FALSE),"") -> Verificar equalização das rodas (diferença de temperatura acima de 5°), efetuar inspeção no veículo (simetria das forquilhas, pressão dos cilindros, regulagem dos freios, folga nos eixos, tambores de freio, lonas e catracas). Efetuar limpezas e pinturas das rodas, caso esteja tudo normal verificar a operação do condutor (instrutores). | V386: 16196 | W386: =IFERROR(VLOOKUP(V386,RELATOR,2,FALSE),"") -> Everson Veloso
A387: =IF(B387>0,A386+1,"") -> 2682 | B387: 25341 | C387: 2 | D387: =IFERROR(VLOOKUP(C387,MEDIDA,2,FALSE),"") -> 275/80R22.5 | E387: 90214 | F387: DE | G387: 520 | H387: =IFERROR(VLOOKUP(G387,LOCAL,2,FALSE),"") -> NEVES | I387: 45108 | J387: 45114 | K387: 0 | L387: 13234 | M387: 73834 | N387: =IFERROR(VLOOKUP(C387,MEDIDA,3,FALSE),"") -> 600 | R387: 70Q | S387: =IFERROR(VLOOKUP(R387,FVU,2,FALSE),"") -> Alteração na zona baixa do talão. | T387: =IFERROR(VLOOKUP(R387,FVU,3,FALSE),"") -> Aquecimento excessivo proveniente de anomalias do sistema de freio, mau posicionamento do pneu sobre o aro/roda, uso excessivo dos freios devido a velocidade incompatível com a via, pressão abaixo do recomendado rodas sujas e/ou em má condições de uso. | U387: =IFERROR(VLOOKUP(R387,FVU,4,FALSE),"") -> Verificar equalização das rodas (diferença de temperatura acima de 5°), efetuar inspeção no veículo (simetria das forquilhas, pressão dos cilindros, regulagem dos freios, folga nos eixos, tambores de freio, lonas e catracas). Efetuar limpezas e pinturas das rodas, caso esteja tudo normal verificar a operação do condutor (instrutores). | V387: 16196 | W387: =IFERROR(VLOOKUP(V387,RELATOR,2,FALSE),"") -> Everson Veloso
A388: =IF(B388>0,A387+1,"") -> 2683 | B388: 25084 | C388: 2 | D388: =IFERROR(VLOOKUP(C388,MEDIDA,2,FALSE),"") -> 275/80R22.5 | E388: 90308 | F388: TDI | G388: 520 | H388: =IFERROR(VLOOKUP(G388,LOCAL,2,FALSE),"") -> NEVES | I388: 45111 | J388: 45114 | K388: 1 | L388: 19900 | M388: 77369 | N388: =IFERROR(VLOOKUP(C388,MEDIDA,3,FALSE),"") -> 600 | R388: 70J | S388: =IFERROR(VLOOKUP(R388,FVU,2,FALSE),"") -> Desenrolamento do retorno da lona carcaça no talão. | T388: =IFERROR(VLOOKUP(R388,FVU,3,FALSE),"") -> Aquecimento no talão ocasionado pelo uso excessivo do freio, má regulagem dos freios, uso excessivo dos freios devido a velocidade incompatível com a via,rodas sujas e/ou em má condições de uso, etc. | U388: =IFERROR(VLOOKUP(R388,FVU,4,FALSE),"") -> Verificar equalização das rodas (diferença de temperatura acima de 5°), efetuar inspeção no veículo (simetria das forquilhas, pressão dos cilindros, regulagem dos freios, folga nos eixos, tambores de freio, lonas e catracas),Efetuar limpezas e pinturas das rodas, caso esteja tudo normal verificar a operação do condutor (instrutores). | V388: 16196 | W388: =IFERROR(VLOOKUP(V388,RELATOR,2,FALSE),"") -> Everson Veloso
A389: =IF(B389>0,A388+1,"") -> 2684 | B389: 21715 | C389: 2 | D389: =IFERROR(VLOOKUP(C389,MEDIDA,2,FALSE),"") -> 275/80R22.5 | E389: 10639 | F389: TEE | G389: 870 | H389: =IFERROR(VLOOKUP(G389,LOCAL,2,FALSE),"") -> JUSTINOPOLIS | I389: 45111 | J389: 45114 | K389: 2 | L389: 5216 | M389: 262296 | N389: =IFERROR(VLOOKUP(C389,MEDIDA,3,FALSE),"") -> 600 | R389: 45D | S389: =IFERROR(VLOOKUP(R389,FVU,2,FALSE),"") -> Desgaste irregular da Banda de Rodagem. | T389: =IFERROR(VLOOKUP(R389,FVU,3,FALSE),"") -> Folgas nas mangas, cubos, buchas estouradas, veículo desalinhado. | U389: =IFERROR(VLOOKUP(R389,FVU,4,FALSE),"") -> Verificar folgas nas mangas, cubos e eixos, verificar buchas das barras, amortecedores e suspensão em geral, verificar alinhamento do veículo. Orientar o colaborador a efetuar rodízios e "viradas na roda" quando necessário, além de fazer o acompanhamento das profundidades dos sulcos no pneu. | V389: 16196 | W389: =IFERROR(VLOOKUP(V389,RELATOR,2,FALSE),"") -> Everson Veloso
A390: =IF(B390>0,A389+1,"") -> 2685 | B390: 24163 | C390: 1 | D390: =IFERROR(VLOOKUP(C390,MEDIDA,2,FALSE),"") -> 295/80R22.5 | E390: 10798 | F390: TDI | G390: 870 | H390: =IFERROR(VLOOKUP(G390,LOCAL,2,FALSE),"") -> JUSTINOPOLIS | I390: 45111 | J390: 45114 | K390: 1 | L390: 2442 | M390: 65462 | N390: =IFERROR(VLOOKUP(C390,MEDIDA,3,FALSE),"") -> 650 | R390: 70J | S390: =IFERROR(VLOOKUP(R390,FVU,2,FALSE),"") -> Desenrolamento do retorno da lona carcaça no talão. | T390: =IFERROR(VLOOKUP(R390,FVU,3,FALSE),"") -> Aquecimento no talão ocasionado pelo uso excessivo do freio, má regulagem dos freios, uso excessivo dos freios devido a velocidade incompatível com a via,rodas sujas e/ou em má condições de uso, etc. | U390: =IFERROR(VLOOKUP(R390,FVU,4,FALSE),"") -> Verificar equalização das rodas (diferença de temperatura acima de 5°), efetuar inspeção no veículo (simetria das forquilhas, pressão dos cilindros, regulagem dos freios, folga nos eixos, tambores de freio, lonas e catracas),Efetuar limpezas e pinturas das rodas, caso esteja tudo normal verificar a operação do condutor (instrutores). | V390: 16196 | W390: =IFERROR(VLOOKUP(V390,RELATOR,2,FALSE),"") -> Everson Veloso
A391: =IF(B391>0,A390+1,"") -> 2686 | B391: 24517 | C391: 4 | D391: =IFERROR(VLOOKUP(C391,MEDIDA,2,FALSE),"") -> 215/75R17.5 | E391: 40884 | F391: TEI | G391: 98 | H391: =IFERROR(VLOOKUP(G391,LOCAL,2,FALSE),"") -> ANA LUCIA | I391: 45108 | J391: 45114 | K391: 2 | L391: 9231 | M391: 42589 | N391: =IFERROR(VLOOKUP(C391,MEDIDA,3,FALSE),"") -> 450 | R391: 70R | S391: =IFERROR(VLOOKUP(R391,FVU,2,FALSE),"") -> Rachadura na zona baixa do talão. | T391: =IFERROR(VLOOKUP(R391,FVU,3,FALSE),"") -> Aquecimento excessivo proveniente de anomalias do sistema de freio, mau posicionamento do pneu sobre o aro/roda, roda em mau estado de conservação, uso excessivo dos freios devido a velocidade incompatível com a via, pressão abaixo do recomendado rodas sujas e/ou em má condições de uso. | U391: =IFERROR(VLOOKUP(R391,FVU,4,FALSE),"") -> Verificar equalização das rodas (diferença de temperatura acima de 5°), efetuar inspeção no veículo (simetria das forquilhas, pressão dos cilindros, regulagem dos freios, folga nos eixos, tambores de freio, lonas e catracas), caso esteja tudo normal verificar a operação do condutor (instrutores). | V391: 16196 | W391: =IFERROR(VLOOKUP(V391,RELATOR,2,FALSE),"") -> Everson Veloso
...

Sheet Laudo
G1: GRUPO EMPRESARIAL COORDENADAS | R1: 5092
B3: UNIDADE: | C3: =VLOOKUP(LAUDO,DADOS,8,FALSE) -> UBERLANDIA | G3: Nº FOGO PNEU: | H3: =VLOOKUP(LAUDO,DADOS,2,FALSE) -> 33828 | O3: DATA DA ANÁLISE: | P3: =VLOOKUP(LAUDO,DADOS,10,FALSE) -> 46170
B4: VEÍCULO: | C4: =VLOOKUP(LAUDO,DADOS,5,FALSE) -> 7328 | G4: MEDIDA PNEU: | H4: =VLOOKUP(LAUDO,DADOS,4,FALSE) -> 275/80R22.5 | O4: VALOR SUGERIDO: | P4: =VLOOKUP(LAUDO,DADOS,14,FALSE) -> 600
B5: POSIÇÃO | C5: =VLOOKUP(LAUDO,DADOS,6,FALSE) -> DE | G5: KM POSIÇÃO: | H5: =VLOOKUP(LAUDO,DADOS,12,FALSE) -> 13813 | O5: VALOR COBRADO:
B6: RETIRADA: | C6: =VLOOKUP(LAUDO,DADOS,9,FALSE) -> 46167 | G6: KM TOTAL: | H6: =VLOOKUP(LAUDO,DADOS,13,FALSE) -> 13813 | O6: Nº REFORMAS: | P6: =VLOOKUP(LAUDO,DADOS,11,FALSE) -> 0
B8: =VLOOKUP(LAUDO,DADOS,19,FALSE) -> Desgaste irregular da Banda de Rodagem.
B9: ="Causas prováveis: "&IF(VLOOKUP(LAUDO,DADOS,19,FALSE)="","",VLOOKUP(LAUDO,DADOS,20,FALSE)) -> Causas prováveis: Folgas nas mangas, cubos, buchas estouradas, veículo desalinhado.
B12: ="Observações: "&IF(VLOOKUP(LAUDO,DADOS,20,FALSE)="","",VLOOKUP(LAUDO,DADOS,21,FALSE)) -> Observações: Verificar folgas nas mangas, cubos e eixos, verificar buchas das barras, amortecedores e suspensão em geral, verificar alinhamento do veículo. Orientar o colaborador a efetuar rodízios e "viradas na roda" quando necessário, além de fazer o acompanhamento das profundidades dos sulcos no pneu.
B15: Laudo relatado por: | D15: =VLOOKUP(LAUDO,DADOS,23,FALSE) -> Everson Veloso
D16: Enc. Borracharia
B25: Visto líder de manutenção:
B45: VISTO GERENTE: | K45: VISTO DIRETORIA:
C2263: 2 | E2263: 90048 | F2263: TDI | G2263: 520 | Q2263: 70Q | U2263: 16196
B3655: 25062 | C3655: 2 | E3655: 10837 | F3655: TEE | G3655: 870 | I3655: 45506 | J3655: 45518 | K3655: 1 | L3655: 24306 | M3655: 124565 | Q3655: 70R | U3655: 16196

Sheet RESUMO
A1: 46063 | B1: ANA LUCIA | C1: JUSTINOPOLIS | D1: LAFAIETE | E1: M.GORETTI | F1: NEVES | G1: SARZEDO | H1: UBERLANDIA | I1: VENEZA | J1: TOTAL POR DANO | L1: TOTAL DE PNEUS
A2: Deterioração do topo por choque. | B2: =COUNTIFS(Dados!$S:$S,$A2,Dados!$J:$J,$A$1,Dados!$H:$H,B$1) -> 0 | C2: =COUNTIFS(Dados!$S:$S,$A2,Dados!$J:$J,$A$1,Dados!$H:$H,C$1) -> 0 | D2: =COUNTIFS(Dados!$S:$S,$A2,Dados!$J:$J,$A$1,Dados!$H:$H,D$1) -> 0 | E2: =COUNTIFS(Dados!$S:$S,$A2,Dados!$J:$J,$A$1,Dados!$H:$H,E$1) -> 0 | F2: =COUNTIFS(Dados!$S:$S,$A2,Dados!$J:$J,$A$1,Dados!$H:$H,F$1) -> 0 | G2: =COUNTIFS(Dados!$S:$S,$A2,Dados!$J:$J,$A$1,Dados!$H:$H,G$1) -> 0 | H2: =COUNTIFS(Dados!$S:$S,$A2,Dados!$J:$J,$A$1,Dados!$H:$H,H$1) -> 0 | I2: =COUNTIFS(Dados!$S:$S,$A2,Dados!$J:$J,$A$1,Dados!$H:$H,I$1) -> 0 | J2: =SUM(B2:I2) -> 0 | L2: =SUM(J2:J19) -> 20
A3: Feridas acidentais no flanco. | B3: =COUNTIFS(Dados!$S:$S,$A3,Dados!$J:$J,$A$1,Dados!$H:$H,B$1) -> 0 | C3: =COUNTIFS(Dados!$S:$S,$A3,Dados!$J:$J,$A$1,Dados!$H:$H,C$1) -> 0 | D3: =COUNTIFS(Dados!$S:$S,$A3,Dados!$J:$J,$A$1,Dados!$H:$H,D$1) -> 0 | E3: =COUNTIFS(Dados!$S:$S,$A3,Dados!$J:$J,$A$1,Dados!$H:$H,E$1) -> 0 | F3: =COUNTIFS(Dados!$S:$S,$A3,Dados!$J:$J,$A$1,Dados!$H:$H,F$1) -> 0 | G3: =COUNTIFS(Dados!$S:$S,$A3,Dados!$J:$J,$A$1,Dados!$H:$H,G$1) -> 0 | H3: =COUNTIFS(Dados!$S:$S,$A3,Dados!$J:$J,$A$1,Dados!$H:$H,H$1) -> 0 | I3: =COUNTIFS(Dados!$S:$S,$A3,Dados!$J:$J,$A$1,Dados!$H:$H,I$1) -> 0 | J3: =SUM(B3:I3) -> 0
A4: Deterioração do flanco por choque. | B4: =COUNTIFS(Dados!$S:$S,$A4,Dados!$J:$J,$A$1,Dados!$H:$H,B$1) -> 0 | C4: =COUNTIFS(Dados!$S:$S,$A4,Dados!$J:$J,$A$1,Dados!$H:$H,C$1) -> 0 | D4: =COUNTIFS(Dados!$S:$S,$A4,Dados!$J:$J,$A$1,Dados!$H:$H,D$1) -> 0 | E4: =COUNTIFS(Dados!$S:$S,$A4,Dados!$J:$J,$A$1,Dados!$H:$H,E$1) -> 0 | F4: =COUNTIFS(Dados!$S:$S,$A4,Dados!$J:$J,$A$1,Dados!$H:$H,F$1) -> 0 | G4: =COUNTIFS(Dados!$S:$S,$A4,Dados!$J:$J,$A$1,Dados!$H:$H,G$1) -> 0 | H4: =COUNTIFS(Dados!$S:$S,$A4,Dados!$J:$J,$A$1,Dados!$H:$H,H$1) -> 0 | I4: =COUNTIFS(Dados!$S:$S,$A4,Dados!$J:$J,$A$1,Dados!$H:$H,I$1) -> 0 | J4: =SUM(B4:I4) -> 0
A5: Pneu ressulcado incorretamente | B5: =COUNTIFS(Dados!$S:$S,$A5,Dados!$J:$J,$A$1,Dados!$H:$H,B$1) -> 0 | C5: =COUNTIFS(Dados!$S:$S,$A5,Dados!$J:$J,$A$1,Dados!$H:$H,C$1) -> 0 | D5: =COUNTIFS(Dados!$S:$S,$A5,Dados!$J:$J,$A$1,Dados!$H:$H,D$1) -> 0 | E5: =COUNTIFS(Dados!$S:$S,$A5,Dados!$J:$J,$A$1,Dados!$H:$H,E$1) -> 0 | F5: =COUNTIFS(Dados!$S:$S,$A5,Dados!$J:$J,$A$1,Dados!$H:$H,F$1) -> 0 | G5: =COUNTIFS(Dados!$S:$S,$A5,Dados!$J:$J,$A$1,Dados!$H:$H,G$1) -> 0 | H5: =COUNTIFS(Dados!$S:$S,$A5,Dados!$J:$J,$A$1,Dados!$H:$H,H$1) -> 0 | I5: =COUNTIFS(Dados!$S:$S,$A5,Dados!$J:$J,$A$1,Dados!$H:$H,I$1) -> 0 | J5: =SUM(B5:I5) -> 0
A6: Pneu não ressulcado | B6: =COUNTIFS(Dados!$S:$S,$A6,Dados!$J:$J,$A$1,Dados!$H:$H,B$1) -> 0 | C6: =COUNTIFS(Dados!$S:$S,$A6,Dados!$J:$J,$A$1,Dados!$H:$H,C$1) -> 0 | D6: =COUNTIFS(Dados!$S:$S,$A6,Dados!$J:$J,$A$1,Dados!$H:$H,D$1) -> 0 | E6: =COUNTIFS(Dados!$S:$S,$A6,Dados!$J:$J,$A$1,Dados!$H:$H,E$1) -> 0 | F6: =COUNTIFS(Dados!$S:$S,$A6,Dados!$J:$J,$A$1,Dados!$H:$H,F$1) -> 0 | G6: =COUNTIFS(Dados!$S:$S,$A6,Dados!$J:$J,$A$1,Dados!$H:$H,G$1) -> 0 | H6: =COUNTIFS(Dados!$S:$S,$A6,Dados!$J:$J,$A$1,Dados!$H:$H,H$1) -> 1 | I6: =COUNTIFS(Dados!$S:$S,$A6,Dados!$J:$J,$A$1,Dados!$H:$H,I$1) -> 0 | J6: =SUM(B6:I6) -> 1
A7: Desgaste irregular da Banda de Rodagem. | B7: =COUNTIFS(Dados!$S:$S,$A7,Dados!$J:$J,$A$1,Dados!$H:$H,B$1) -> 0 | C7: =COUNTIFS(Dados!$S:$S,$A7,Dados!$J:$J,$A$1,Dados!$H:$H,C$1) -> 0 | D7: =COUNTIFS(Dados!$S:$S,$A7,Dados!$J:$J,$A$1,Dados!$H:$H,D$1) -> 0 | E7: =COUNTIFS(Dados!$S:$S,$A7,Dados!$J:$J,$A$1,Dados!$H:$H,E$1) -> 0 | F7: =COUNTIFS(Dados!$S:$S,$A7,Dados!$J:$J,$A$1,Dados!$H:$H,F$1) -> 0 | G7: =COUNTIFS(Dados!$S:$S,$A7,Dados!$J:$J,$A$1,Dados!$H:$H,G$1) -> 0 | H7: =COUNTIFS(Dados!$S:$S,$A7,Dados!$J:$J,$A$1,Dados!$H:$H,H$1) -> 2 | I7: =COUNTIFS(Dados!$S:$S,$A7,Dados!$J:$J,$A$1,Dados!$H:$H,I$1) -> 0 | J7: =SUM(B7:I7) -> 2
A8: Agressões repetidas no flanco. | B8: =COUNTIFS(Dados!$S:$S,$A8,Dados!$J:$J,$A$1,Dados!$H:$H,B$1) -> 0 | C8: =COUNTIFS(Dados!$S:$S,$A8,Dados!$J:$J,$A$1,Dados!$H:$H,C$1) -> 0 | D8: =COUNTIFS(Dados!$S:$S,$A8,Dados!$J:$J,$A$1,Dados!$H:$H,D$1) -> 0 | E8: =COUNTIFS(Dados!$S:$S,$A8,Dados!$J:$J,$A$1,Dados!$H:$H,E$1) -> 0 | F8: =COUNTIFS(Dados!$S:$S,$A8,Dados!$J:$J,$A$1,Dados!$H:$H,F$1) -> 0 | G8: =COUNTIFS(Dados!$S:$S,$A8,Dados!$J:$J,$A$1,Dados!$H:$H,G$1) -> 0 | H8: =COUNTIFS(Dados!$S:$S,$A8,Dados!$J:$J,$A$1,Dados!$H:$H,H$1) -> 0 | I8: =COUNTIFS(Dados!$S:$S,$A8,Dados!$J:$J,$A$1,Dados!$H:$H,I$1) -> 0 | J8: =SUM(B8:I8) -> 0
A9: Desgaste da Banda de Rodagem por utilização extrema. | B9: =COUNTIFS(Dados!$S:$S,$A9,Dados!$J:$J,$A$1,Dados!$H:$H,B$1) -> 0 | C9: =COUNTIFS(Dados!$S:$S,$A9,Dados!$J:$J,$A$1,Dados!$H:$H,C$1) -> 0 | D9: =COUNTIFS(Dados!$S:$S,$A9,Dados!$J:$J,$A$1,Dados!$H:$H,D$1) -> 0 | E9: =COUNTIFS(Dados!$S:$S,$A9,Dados!$J:$J,$A$1,Dados!$H:$H,E$1) -> 0 | F9: =COUNTIFS(Dados!$S:$S,$A9,Dados!$J:$J,$A$1,Dados!$H:$H,F$1) -> 0 | G9: =COUNTIFS(Dados!$S:$S,$A9,Dados!$J:$J,$A$1,Dados!$H:$H,G$1) -> 0 | H9: =COUNTIFS(Dados!$S:$S,$A9,Dados!$J:$J,$A$1,Dados!$H:$H,H$1) -> 2 | I9: =COUNTIFS(Dados!$S:$S,$A9,Dados!$J:$J,$A$1,Dados!$H:$H,I$1) -> 0 | J9: =SUM(B9:I9) -> 2
A10: Flexões importantes no interior. | B10: =COUNTIFS(Dados!$S:$S,$A10,Dados!$J:$J,$A$1,Dados!$H:$H,B$1) -> 0 | C10: =COUNTIFS(Dados!$S:$S,$A10,Dados!$J:$J,$A$1,Dados!$H:$H,C$1) -> 0 | D10: =COUNTIFS(Dados!$S:$S,$A10,Dados!$J:$J,$A$1,Dados!$H:$H,D$1) -> 0 | E10: =COUNTIFS(Dados!$S:$S,$A10,Dados!$J:$J,$A$1,Dados!$H:$H,E$1) -> 0 | F10: =COUNTIFS(Dados!$S:$S,$A10,Dados!$J:$J,$A$1,Dados!$H:$H,F$1) -> 0 | G10: =COUNTIFS(Dados!$S:$S,$A10,Dados!$J:$J,$A$1,Dados!$H:$H,G$1) -> 0 | H10: =COUNTIFS(Dados!$S:$S,$A10,Dados!$J:$J,$A$1,Dados!$H:$H,H$1) -> 0 | I10: =COUNTIFS(Dados!$S:$S,$A10,Dados!$J:$J,$A$1,Dados!$H:$H,I$1) -> 0 | J10: =SUM(B10:I10) -> 0
A11: Rodagem sem ar ou com flexão importante no flanco. | B11: =COUNTIFS(Dados!$S:$S,$A11,Dados!$J:$J,$A$1,Dados!$H:$H,B$1) -> 0 | C11: =COUNTIFS(Dados!$S:$S,$A11,Dados!$J:$J,$A$1,Dados!$H:$H,C$1) -> 0 | D11: =COUNTIFS(Dados!$S:$S,$A11,Dados!$J:$J,$A$1,Dados!$H:$H,D$1) -> 0 | E11: =COUNTIFS(Dados!$S:$S,$A11,Dados!$J:$J,$A$1,Dados!$H:$H,E$1) -> 0 | F11: =COUNTIFS(Dados!$S:$S,$A11,Dados!$J:$J,$A$1,Dados!$H:$H,F$1) -> 0 | G11: =COUNTIFS(Dados!$S:$S,$A11,Dados!$J:$J,$A$1,Dados!$H:$H,G$1) -> 0 | H11: =COUNTIFS(Dados!$S:$S,$A11,Dados!$J:$J,$A$1,Dados!$H:$H,H$1) -> 1 | I11: =COUNTIFS(Dados!$S:$S,$A11,Dados!$J:$J,$A$1,Dados!$H:$H,I$1) -> 0 | J11: =SUM(B11:I11) -> 1
A12: Desenrolamento do retorno da lona carcaça no talão. | B12: =COUNTIFS(Dados!$S:$S,$A12,Dados!$J:$J,$A$1,Dados!$H:$H,B$1) -> 0 | C12: =COUNTIFS(Dados!$S:$S,$A12,Dados!$J:$J,$A$1,Dados!$H:$H,C$1) -> 2 | D12: =COUNTIFS(Dados!$S:$S,$A12,Dados!$J:$J,$A$1,Dados!$H:$H,D$1) -> 0 | E12: =COUNTIFS(Dados!$S:$S,$A12,Dados!$J:$J,$A$1,Dados!$H:$H,E$1) -> 0 | F12: =COUNTIFS(Dados!$S:$S,$A12,Dados!$J:$J,$A$1,Dados!$H:$H,F$1) -> 2 | G12: =COUNTIFS(Dados!$S:$S,$A12,Dados!$J:$J,$A$1,Dados!$H:$H,G$1) -> 0 | H12: =COUNTIFS(Dados!$S:$S,$A12,Dados!$J:$J,$A$1,Dados!$H:$H,H$1) -> 0 | I12: =COUNTIFS(Dados!$S:$S,$A12,Dados!$J:$J,$A$1,Dados!$H:$H,I$1) -> 0 | J12: =SUM(B12:I12) -> 4
A13: Separações no talão e rupturas dos reforços. | B13: =COUNTIFS(Dados!$S:$S,$A13,Dados!$J:$J,$A$1,Dados!$H:$H,B$1) -> 1 | C13: =COUNTIFS(Dados!$S:$S,$A13,Dados!$J:$J,$A$1,Dados!$H:$H,C$1) -> 1 | D13: =COUNTIFS(Dados!$S:$S,$A13,Dados!$J:$J,$A$1,Dados!$H:$H,D$1) -> 0 | E13: =COUNTIFS(Dados!$S:$S,$A13,Dados!$J:$J,$A$1,Dados!$H:$H,E$1) -> 1 | F13: =COUNTIFS(Dados!$S:$S,$A13,Dados!$J:$J,$A$1,Dados!$H:$H,F$1) -> 0 | G13: =COUNTIFS(Dados!$S:$S,$A13,Dados!$J:$J,$A$1,Dados!$H:$H,G$1) -> 0 | H13: =COUNTIFS(Dados!$S:$S,$A13,Dados!$J:$J,$A$1,Dados!$H:$H,H$1) -> 0 | I13: =COUNTIFS(Dados!$S:$S,$A13,Dados!$J:$J,$A$1,Dados!$H:$H,I$1) -> 0 | J13: =SUM(B13:I13) -> 3
A14: Ruptura da lona carcaça no talão. | B14: =COUNTIFS(Dados!$S:$S,$A14,Dados!$J:$J,$A$1,Dados!$H:$H,B$1) -> 0 | C14: =COUNTIFS(Dados!$S:$S,$A14,Dados!$J:$J,$A$1,Dados!$H:$H,C$1) -> 0 | D14: =COUNTIFS(Dados!$S:$S,$A14,Dados!$J:$J,$A$1,Dados!$H:$H,D$1) -> 0 | E14: =COUNTIFS(Dados!$S:$S,$A14,Dados!$J:$J,$A$1,Dados!$H:$H,E$1) -> 0 | F14: =COUNTIFS(Dados!$S:$S,$A14,Dados!$J:$J,$A$1,Dados!$H:$H,F$1) -> 0 | G14: =COUNTIFS(Dados!$S:$S,$A14,Dados!$J:$J,$A$1,Dados!$H:$H,G$1) -> 0 | H14: =COUNTIFS(Dados!$S:$S,$A14,Dados!$J:$J,$A$1,Dados!$H:$H,H$1) -> 0 | I14: =COUNTIFS(Dados!$S:$S,$A14,Dados!$J:$J,$A$1,Dados!$H:$H,I$1) -> 0 | J14: =SUM(B14:I14) -> 0
... A19: Agressões físicas ou químicas. | B19: =COUNTIFS(Dados!$S:$S,$A19,Dados!$J:$J,$A$1,Dados!$H:$H,B$1) -> 0 | C19: =COUNTIFS(Dados!$S:$S,$A19,Dados!$J:$J,$A$1,Dados!$H:$H,C$1) -> 0 | D19: =COUNTIFS(Dados!$S:$S,$A19,Dados!$J:$J,$A$1,Dados!$H:$H,D$1) -> 0 | E19: =COUNTIFS(Dados!$S:$S,$A19,Dados!$J:$J,$A$1,Dados!$H:$H,E$1) -> 0 | F19: =COUNTIFS(Dados!$S:$S,$A19,Dados!$J:$J,$A$1,Dados!$H:$H,F$1) -> 0 | G19: =COUNTIFS(Dados!$S:$S,$A19,Dados!$J:$J,$A$1,Dados!$H:$H,G$1) -> 0 | H19: =COUNTIFS(Dados!$S:$S,$A19,Dados!$J:$J,$A$1,Dados!$H:$H,H$1) -> 0 | I19: =COUNTIFS(Dados!$S:$S,$A19,Dados!$J:$J,$A$1,Dados!$H:$H,I$1) -> 0 | J19: =SUM(B19:I19) -> 0
A20: TOTAL POR GARAGEM | B20: =SUM(B2:B19) -> 1 | C20: =SUM(C2:C19) -> 6 | D20: =SUM(D2:D19) -> 0 | E20: =SUM(E2:E19) -> 1 | F20: =SUM(F2:F19) -> 2 | G20: =SUM(G2:G19) -> 1 | H20: =SUM(H2:H19) -> 9 | I20: =SUM(I2:I19) -> 0 | J20: =SUM(J2:J19) -> 20

Sheet FVU
B1: FVU | C1: DESCRIÇÃO | D1: CAUSA | E1: AÇÃO | F1: CATEGORIA | G1: PESO DO DANO | H1: VALOR NOVO | I1: VALOR R1 | J1: VALOR R2 | K1: KM MÉDIO | L1: CUSTO POR KM
B2: 45B | C2: Deterioração do topo por choque. | D2: Impacto contra obstáculos, excesso de pressão. | E2: Impacto na banda de rodagem proveniente de erro operacional, solicito avaliação de cobrança. | F2: BANDA DE RODAGEM | G2: FATAL | H2: 2053.808 | I2: 623 | J2: 623 | K2: 160000 | L2: =SUM(H2:J2)/K2 -> 0.0206238
B3: 45F | C3: Feridas acidentais no flanco. | D3: Objetos pontiagudos, pontas de guias, meio-fio. | E3: Impacto lateral proveniente de erro operacional, solicito avaliação de cobrança. | F3: FLANCO | G3: FATAL | L3: 0.0114
B4: 45G | C4: Deterioração do flanco por choque. | D4: Choque e/ou beliscões no flanco ocasionado pela passagem em buracos ou durante a subida do meio-fio (calçada), desníveis em cabeceiras e pontes, viadutos etc. | E4: Impacto lateral proveniente de erro operacional, solicito avaliação de cobrança. | F4: FLANCO | G4: FATAL
B5: 45N | C5: Pneu ressulcado incorretamente | D5: Falhas ou não realização dos procedimentos conforme manual de ressulcagem. | E5: Solicito avaliação de cobrança | F5: BANDA DE RODAGEM | G5: PARCIAL
B6: 45R | C6: Pneu não ressulcado | D6: Negligência e/ou não realização do serviço de ressulcagem. | E6: Realizar a ressulcagem dos pneus respeitando os procedimentos conforme manual de ressulcagem. | F6: BANDA DE RODAGEM | G6: PARCIAL
B7: 45D | C7: Desgaste irregular da Banda de Rodagem. | D7: Folgas nas mangas, cubos, buchas estouradas, veículo desalinhado. | E7: Verificar folgas nas mangas, cubos e eixos, verificar buchas das barras, amortecedores e suspensão em geral, verificar alinhamento do veículo. Orientar o colaborador a efetuar rodízios e "viradas na roda" quando necessário, além de fazer o acompanhamento das profundidades dos sulcos no pneu. | F7: BANDA DE RODAGEM | G7: PARCIAL
B8: 46F | C8: Agressões repetidas no flanco. | D8: Raspagem contra meio-fio ou guias, objetos entre pneus germinados, contato com partes fixas do veículo. | E8: Impactos constantes na lateral do pneu proveniente de erro operacional, solicito avaliação de cobrança. | F8: FLANCO | G8: FATAL
B9: 48D | C9: Desgaste da Banda de Rodagem por utilização extrema. | D9: Roda travada, "calo" no tambor de freio, utilização extrema , excessiva. | E9: Verificar rodas e tambores de freio, verificar negligência do borracheiro e caso procedente efetuar a cobrança. | F9: BANDA DE RODAGEM | G9: FATAL
B10: 52B | C10: Flexões importantes no interior. | D10: Sobrecarga e/ou baixa pressão, vazamento de ar pela válvula ou pela roda, perfurações no topo ou flanco. | E10: Conferir e efetuar as calibragens periodicamente conforme tabela. | F10: FLANCO | G10: FATAL
B11: 52H | C11: Rodagem sem ar ou com flexão importante no flanco. | D11: Perfurações no topo ou flanco, rodas ou aros danificados, rodagem prolongada sem ar ou baixa pressão, desgaste no flanco por atrito com o solo ou entre germinados. | E11: Condutor rodou com o pneu vazio. Solicito avaliação de cobrança. | F11: FLANCO | G11: FATAL
B12: 70J | C12: Desenrolamento do retorno da lona carcaça no talão. | D12: Aquecimento no talão ocasionado pelo uso excessivo do freio, má regulagem dos freios, uso excessivo dos freios devido a velocidade incompatível com a via,rodas sujas e/ou em má condições de uso, etc. | E12: Verificar equalização das rodas (diferença de temperatura acima de 5°), efetuar inspeção no veículo (simetria das forquilhas, pressão dos cilindros, regulagem dos freios, folga nos eixos, tambores de freio, lonas e catracas),Efetuar limpezas e pinturas das rodas, caso esteja tudo normal verificar a operação do condutor (instrutores). | F12: TALÃO | G12: FATAL
B13: 70K | C13: Separações no talão e rupturas dos reforços. | D13: Aquecimento excessivo no tambor de freio, utilização com sobrecarga ou baixa pressão, mau posicionamento do pneu sobre o aro/roda, uso excessivo dos freios devido a velocidade incompatível com a via. | E13: Verificar equalização das rodas (diferença de temperatura acima de 5°), efetuar inspeção no veículo (simetria das forquilhas, pressão dos cilindros, regulagem dos freios, folga nos eixos, tambores de freio, lonas e catracas), caso esteja tudo normal verificar a operação do condutor (instrutores). | F13: TALÃO | G13: FATAL
B14: 70L | C14: Ruptura da lona carcaça no talão. | D14: Rodagem com baixa pressão ou sobrecarga, mau posicionamento do pneu sobre o aro/roda, cortes ou feridas provocadas durante a montagem, rodas sujas e/ou em má condições de uso, etc. | E14: Conferir e efetuar as calibragens periodicamente conforme tabela. Efetuar limpezas e pinturas das rodas. | F14: TALÃO | G14: FATAL
B15: 70Q | C15: Alteração na zona baixa do talão. | D15: Aquecimento excessivo proveniente de anomalias do sistema de freio, mau posicionamento do pneu sobre o aro/roda, uso excessivo dos freios devido a velocidade incompatível com a via, pressão abaixo do recomendado rodas sujas e/ou em má condições de uso. | E15: Verificar equalização das rodas (diferença de temperatura acima de 5°), efetuar inspeção no veículo (simetria das forquilhas, pressão dos cilindros, regulagem dos freios, folga nos eixos, tambores de freio, lonas e catracas). Efetuar limpezas e pinturas das rodas, caso esteja tudo normal verificar a operação do condutor (instrutores). | F15: TALÃO | G15: FATAL
... B19: 75A | C19: Agressões físicas ou químicas. | D19: Pneu em contato com hidrocarbonetos (óleo diesel, graxa, gasolina, etc. , pneu exposto a fontes de calor soldas, descargas elétricas etc.). | E19: Verificar origem da contaminação e tomar as atitudes cabíveis. | F19: FLANCO | G19: FATAL

Sheet RESUMO MENSAL
C1: 1 | D1: 2 | E1: 3 | F1: 4 | G1: 5 | H1: 6 | I1: 7 | J1: 8 | K1: 9 | L1: 10 | M1: 11 | N1: 12 | O1: =TODAY() -> 46237 | P1: =MONTH(O1) -> 8 | Q1: =YEAR(O1) -> 2026
B2: LAUDOS PENDENTES | C2: 44927 | D2: 44958 | E2: 44986 | F2: 45017 | G2: 45047 | H2: 45078 | I2: 45108 | J2: 45139 | K2: 45170 | L2: 45200 | M2: 45231 | N2: 45261 | O2: MÊS ATUAL | P2: TOTAL
A3: 98 | B3: =VLOOKUP(A3,LOCAL,2,0) -> ANA LUCIA | C3: =COUNTIFS(Dados!$X:$X,C$1,Dados!$G:$G,$A3,Dados!$R:$R,Dados!$Z$370,Dados!$O:$O,Dados!$Z$381)+COUNTIFS(Dados!$X:$X,C$1,Dados!$G:$G,$A3,Dados!$R:$R,Dados!$Z$371,Dados!$O:$O,Dados!$Z$381)+COUNTIFS(Dados!$X:$X,C$1,Dados!$G:$G,$A3,Dados!$R:$R,Dados!$Z$372,Dados!$O:$O,Dados!$Z$381)+COUNTIFS(Dados!$X:$X,C$1,Dados!$G:$G,$A3,Dados!$R:$R,Dados!$Z$373,Dados!$O:$O,Dados!$Z$381)+COUNTIFS(Dados!$X:$X,C$1,Dados!$G:$G,$A3,Dados!$R:$R,Dados!$Z$374,Dados!$O:$O,Dados!$Z$381)+COUNTIFS(Dados!$X:$X,C$1,Dados!$G:$G,$A3,Dados!$R:$R,Dados!$Z$375,Dados!$O:$O,Dados!$Z$381)+COUNTIFS(Dados!$X:$X,C$1,Dados!$G:$G,$A3,Dados!$R:$R,Dados!$Z$376,Dados!$O:$O,Dados!$Z$381)+COUNTIFS(Dados!$X:$X,C$1,Dados!$G:$G,$A3,Dados!$R:$R,Dados!$Z$377,Dados!$O:$O,Dados!$Z$381)+COUNTIFS(Dados!$X:$X,C$1,Dados!$G:$G,$A3,Dados!$R:$R,Dados!$Z$378,Dados!$O:$O,Dados!$Z$381)+COUNTIFS(Dados!$X:$X,C$1,Dados!$G:$G,$A3,Dados!$R:$R,Dados!$Z$379,Dados!$O:$O,Dados!$Z$381)+COUNTIFS(Dados!$X:$X,C$1,Dados!$G:$G,$A3,Dados!$R:$R,Dados!$Z$380,Dados!$O:$O,Dados!$Z$381) -> 0 | D3: =COUNTIFS(Dados!$X:$X,D$1,Dados!$G:$G,$A3,Dados!$R:$R,Dados!$Z$370,Dados!$O:$O,Dados!$Z$381)+COUNTIFS(Dados!$X:$X,D$1,Dados!$G:$G,$A3,Dados!$R:$R,Dados!$Z$371,Dados!$O:$O,Dados!$Z$381)+COUNTIFS(Dados!$X:$X,D$1,Dados!$G:$G,$A3,Dados!$R:$R,Dados!$Z$372,Dados!$O:$O,Dados!$Z$381)+COUNTIFS(Dados!$X:$X,D$1,Dados!$G:$G,$A3,Dados!$R:$R,Dados!$Z$373,Dados!$O:$O,Dados!$Z$381)+COUNTIFS(Dados!$X:$X,D$1,Dados!$G:$G,$A3,Dados!$R:$R,Dados!$Z$374,Dados!$O:$O,Dados!$Z$381)+COUNTIFS(Dados!$X:$X,D$1,Dados!$G:$G,$A3,Dados!$R:$R,Dados!$Z$375,Dados!$O:$O,Dados!$Z$381)+COUNTIFS(Dados!$X:$X,D$1,Dados!$G:$G,$A3,Dados!$R:$R,Dados!$Z$376,Dados!$O:$O,Dados!$Z$381)+COUNTIFS(Dados!$X:$X,D$1,Dados!$G:$G,$A3,Dados!$R:$R,Dados!$Z$377,Dados!$O:$O,Dados!$Z$381)+COUNTIFS(Dados!$X:$X,D$1,Dados!$G:$G,$A3,Dados!$R:$R,Dados!$Z$378,Dados!$O:$O,Dados!$Z$381)+COUNTIFS(Dados!$X:$X,D$1,Dados!$G:$G,$A3,Dados!$R:$R,Dados!$Z$379,Dados!$O:$O,Dados!$Z$381)+COUNTIFS(Dados!$X:$X,D$1,Dados!$G:$G,$A3,Dados!$R:$R,Dados!$Z$380,Dados!$O:$O,Dados!$Z$381) -> 2 | E3: =COUNTIFS(Dados!$X:$X,E$1,Dados!$G:$G,$A3,Dados!$R:$R,Dados!$Z$370,Dados!$O:$O,Dados!$Z$381)+COUNTIFS(Dados!$X:$X,E$1,Dados!$G:$G,$A3,Dados!$R:$R,Dados!$Z$371,Dados!$O:$O,Dados!$Z$381)+COUNTIFS(Dados!$X:$X,E$1,Dados!$G:$G,$A3,Dados!$R:$R,Dados!$Z$372,Dados!$O:$O,Dados!$Z$381)+COUNTIFS(Dados!$X:$X,E$1,Dados!$G:$G,$A3,Dados!$R:$R,Dados!$Z$373,Dados!$O:$O,Dados!$Z$381)+COUNTIFS(Dados!$X:$X,E$1,Dados!$G:$G,$A3,Dados!$R:$R,Dados!$Z$374,Dados!$O:$O,Dados!$Z$381)+COUNTIFS(Dados!$X:$X,E$1,Dados!$G:$G,$A3,Dados!$R:$R,Dados!$Z$375,Dados!$O:$O,Dados!$Z$381)+COUNTIFS(Dados!$X:$X,E$1,Dados!$G:$G,$A3,Dados!$R:$R,Dados!$Z$376,Dados!$O:$O,Dados!$Z$381)+COUNTIFS(Dados!$X:$X,E$1,Dados!$G:$G,$A3,Dados!$R:$R,Dados!$Z$377,Dados!$O:$O,Dados!$Z$381)+COUNTIFS(Dados!$X:$X,E$1,Dados!$G:$G,$A3,Dados!$R:$R,Dados!$Z$378,Dados!$O:$O,Dados!$Z$381)+COUNTIFS(Dados!$X:$X,E$1,Dados!$G:$G,$A3,Dados!$R:$R,Dados!$Z$379,Dados!$O:$O,Dados!$Z$381)+COUNTIFS(Dados!$X:$X,E$1,Dados!$G:$G,$A3,Dados!$R:$R,Dados!$Z$380,Dados!$O:$O,Dados!$Z$381) -> 2 | F3: =COUNTIFS(Dados!$X:$X,F$1,Dados!$G:$G,$A3,Dados!$R:$R,Dados!$Z$370,Dados!$O:$O,Dados!$Z$381)+COUNTIFS(Dados!$X:$X,F$1,Dados!$G:$G,$A3,Dados!$R:$R,Dados!$Z$371,Dados!$O:$O,Dados!$Z$381)+COUNTIFS(Dados!$X:$X,F$1,Dados!$G:$G,$A3,Dados!$R:$R,Dados!$Z$372,Dados!$O:$O,Dados!$Z$381)+COUNTIFS(Dados!$X:$X,F$1,Dados!$G:$G,$A3,Dados!$R:$R,Dados!$Z$373,Dados!$O:$O,Dados!$Z$381)+COUNTIFS(Dados!$X:$X,F$1,Dados!$G:$G,$A3,Dados!$R:$R,Dados!$Z$374,Dados!$O:$O,Dados!$Z$381)+COUNTIFS(Dados!$X:$X,F$1,Dados!$G:$G,$A3,Dados!$R:$R,Dados!$Z$375,Dados!$O:$O,Dados!$Z$381)+COUNTIFS(Dados!$X:$X,F$1,Dados!$G:$G,$A3,Dados!$R:$R,Dados!$Z$376,Dados!$O:$O,Dados!$Z$381)+COUNTIFS(Dados!$X:$X,F$1,Dados!$G:$G,$A3,Dados!$R:$R,Dados!$Z$377,Dados!$O:$O,Dados!$Z$381)+COUNTIFS(Dados!$X:$X,F$1,Dados!$G:$G,$A3,Dados!$R:$R,Dados!$Z$378,Dados!$O:$O,Dados!$Z$381)+COUNTIFS(Dados!$X:$X,F$1,Dados!$G:$G,$A3,Dados!$R:$R,Dados!$Z$379,Dados!$O:$O,Dados!$Z$381)+COUNTIFS(Dados!$X:$X,F$1,Dados!$G:$G,$A3,Dados!$R:$R,Dados!$Z$380,Dados!$O:$O,Dados!$Z$381) -> 0 | G3: =COUNTIFS(Dados!$X:$X,G$1,Dados!$G:$G,$A3,Dados!$R:$R,Dados!$Z$370,Dados!$O:$O,Dados!$Z$381)+COUNTIFS(Dados!$X:$X,G$1,Dados!$G:$G,$A3,Dados!$R:$R,Dados!$Z$371,Dados!$O:$O,Dados!$Z$381)+COUNTIFS(Dados!$X:$X,G$1,Dados!$G:$G,$A3,Dados!$R:$R,Dados!$Z$372,Dados!$O:$O,Dados!$Z$381)+COUNTIFS(Dados!$X:$X,G$1,Dados!$G:$G,$A3,Dados!$R:$R,Dados!$Z$373,Dados!$O:$O,Dados!$Z$381)+COUNTIFS(Dados!$X:$X,G$1,Dados!$G:$G,$A3,Dados!$R:$R,Dados!$Z$374,Dados!$O:$O,Dados!$Z$381)+COUNTIFS(Dados!$X:$X,G$1,Dados!$G:$G,$A3,Dados!$R:$R,Dados!$Z$375,Dados!$O:$O,Dados!$Z$381)+COUNTIFS(Dados!$X:$X,G$1,Dados!$G:$G,$A3,Dados!$R:$R,Dados!$Z$376,Dados!$O:$O,Dados!$Z$381)+COUNTIFS(Dados!$X:$X,G$1,Dados!$G:$G,$A3,Dados!$R:$R,Dados!$Z$377,Dados!$O:$O,Dados!$Z$381)+COUNTIFS(Dados!$X:$X,G$1,Dados!$G:$G,$A3,Dados!$R:$R,Dados!$Z$378,Dados!$O:$O,Dados!$Z$381)+COUNTIFS(Dados!$X:$X,G$1,Dados!$G:$G,$A3,Dados!$R:$R,Dados!$Z$379,Dados!$O:$O,Dados!$Z$381)+COUNTIFS(Dados!$X:$X,G$1,Dados!$G:$G,$A3,Dados!$R:$R,Dados!$Z$380,Dados!$O:$O,Dados!$Z$381) -> 1 | H3: =COUNTIFS(Dados!$X:$X,H$1,Dados!$G:$G,$A3,Dados!$R:$R,Dados!$Z$370,Dados!$O:$O,Dados!$Z$381)+COUNTIFS(Dados!$X:$X,H$1,Dados!$G:$G,$A3,Dados!$R:$R,Dados!$Z$371,Dados!$O:$O,Dados!$Z$381)+COUNTIFS(Dados!$X:$X,H$1,Dados!$G:$G,$A3,Dados!$R:$R,Dados!$Z$372,Dados!$O:$O,Dados!$Z$381)+COUNTIFS(Dados!$X:$X,H$1,Dados!$G:$G,$A3,Dados!$R:$R,Dados!$Z$373,Dados!$O:$O,Dados!$Z$381)+COUNTIFS(Dados!$X:$X,H$1,Dados!$G:$G,$A3,Dados!$R:$R,Dados!$Z$374,Dados!$O:$O,Dados!$Z$381)+COUNTIFS(Dados!$X:$X,H$1,Dados!$G:$G,$A3,Dados!$R:$R,Dados!$Z$375,Dados!$O:$O,Dados!$Z$381)+COUNTIFS(Dados!$X:$X,H$1,Dados!$G:$G,$A3,Dados!$R:$R,Dados!$Z$376,Dados!$O:$O,Dados!$Z$381)+COUNTIFS(Dados!$X:$X,H$1,Dados!$G:$G,$A3,Dados!$R:$R,Dados!$Z$377,Dados!$O:$O,Dados!$Z$381)+COUNTIFS(Dados!$X:$X,H$1,Dados!$G:$G,$A3,Dados!$R:$R,Dados!$Z$378,Dados!$O:$O,Dados!$Z$381)+COUNTIFS(Dados!$X:$X,H$1,Dados!$G:$G,$A3,Dados!$R:$R,Dados!$Z$379,Dados!$O:$O,Dados!$Z$381)+COUNTIFS(Dados!$X:$X,H$1,Dados!$G:$G,$A3,Dados!$R:$R,Dados!$Z$380,Dados!$O:$O,Dados!$Z$381) -> 1 | I3: =COUNTIFS(Dados!$X:$X,I$1,Dados!$G:$G,$A3,Dados!$R:$R,Dados!$Z$370,Dados!$O:$O,Dados!$Z$381)+COUNTIFS(Dados!$X:$X,I$1,Dados!$G:$G,$A3,Dados!$R:$R,Dados!$Z$371,Dados!$O:$O,Dados!$Z$381)+COUNTIFS(Dados!$X:$X,I$1,Dados!$G:$G,$A3,Dados!$R:$R,Dados!$Z$372,Dados!$O:$O,Dados!$Z$381)+COUNTIFS(Dados!$X:$X,I$1,Dados!$G:$G,$A3,Dados!$R:$R,Dados!$Z$373,Dados!$O:$O,Dados!$Z$381)+COUNTIFS(Dados!$X:$X,I$1,Dados!$G:$G,$A3,Dados!$R:$R,Dados!$Z$374,Dados!$O:$O,Dados!$Z$381)+COUNTIFS(Dados!$X:$X,I$1,Dados!$G:$G,$A3,Dados!$R:$R,Dados!$Z$375,Dados!$O:$O,Dados!$Z$381)+COUNTIFS(Dados!$X:$X,I$1,Dados!$G:$G,$A3,Dados!$R:$R,Dados!$Z$376,Dados!$O:$O,Dados!$Z$381)+COUNTIFS(Dados!$X:$X,I$1,Dados!$G:$G,$A3,Dados!$R:$R,Dados!$Z$377,Dados!$O:$O,Dados!$Z$381)+COUNTIFS(Dados!$X:$X,I$1,Dados!$G:$G,$A3,Dados!$R:$R,Dados!$Z$378,Dados!$O:$O,Dados!$Z$381)+COUNTIFS(Dados!$X:$X,I$1,Dados!$G:$G,$A3,Dados!$R:$R,Dados!$Z$379,Dados!$O:$O,Dados!$Z$381)+COUNTIFS(Dados!$X:$X,I$1,Dados!$G:$G,$A3,Dados!$R:$R,Dados!$Z$380,Dados!$O:$O,Dados!$Z$381) -> 0 | J3: =COUNTIFS(Dados!$X:$X,J$1,Dados!$G:$G,$A3,Dados!$R:$R,Dados!$Z$370,Dados!$O:$O,Dados!$Z$381)+COUNTIFS(Dados!$X:$X,J$1,Dados!$G:$G,$A3,Dados!$R:$R,Dados!$Z$371,Dados!$O:$O,Dados!$Z$381)+COUNTIFS(Dados!$X:$X,J$1,Dados!$G:$G,$A3,Dados!$R:$R,Dados!$Z$372,Dados!$O:$O,Dados!$Z$381)+COUNTIFS(Dados!$X:$X,J$1,Dados!$G:$G,$A3,Dados!$R:$R,Dados!$Z$373,Dados!$O:$O,Dados!$Z$381)+COUNTIFS(Dados!$X:$X,J$1,Dados!$G:$G,$A3,Dados!$R:$R,Dados!$Z$374,Dados!$O:$O,Dados!$Z$381)+COUNTIFS(Dados!$X:$X,J$1,Dados!$G:$G,$A3,Dados!$R:$R,Dados!$Z$375,Dados!$O:$O,Dados!$Z$381)+COUNTIFS(Dados!$X:$X,J$1,Dados!$G:$G,$A3,Dados!$R:$R,Dados!$Z$376,Dados!$O:$O,Dados!$Z$381)+COUNTIFS(Dados!$X:$X,J$1,Dados!$G:$G,$A3,Dados!$R:$R,Dados!$Z$377,Dados!$O:$O,Dados!$Z$381)+COUNTIFS(Dados!$X:$X,J$1,Dados!$G:$G,$A3,Dados!$R:$R,Dados!$Z$378,Dados!$O:$O,Dados!$Z$381)+COUNTIFS(Dados!$X:$X,J$1,Dados!$G:$G,$A3,Dados!$R:$R,Dados!$Z$379,Dados!$O:$O,Dados!$Z$381)+COUNTIFS(Dados!$X:$X,J$1,Dados!$G:$G,$A3,Dados!$R:$R,Dados!$Z$380,Dados!$O:$O,Dados!$Z$381) -> 0 | ... N3: =COUNTIFS(Dados!$X:$X,N$1,Dados!$G:$G,$A3,Dados!$R:$R,Dados!$Z$370,Dados!$O:$O,Dados!$Z$381)+COUNTIFS(Dados!$X:$X,N$1,Dados!$G:$G,$A3,Dados!$R:$R,Dados!$Z$371,Dados!$O:$O,Dados!$Z$381)+COUNTIFS(Dados!$X:$X,N$1,Dados!$G:$G,$A3,Dados!$R:$R,Dados!$Z$372,Dados!$O:$O,Dados!$Z$381)+COUNTIFS(Dados!$X:$X,N$1,Dados!$G:$G,$A3,Dados!$R:$R,Dados!$Z$373,Dados!$O:$O,Dados!$Z$381)+COUNTIFS(Dados!$X:$X,N$1,Dados!$G:$G,$A3,Dados!$R:$R,Dados!$Z$374,Dados!$O:$O,Dados!$Z$381)+COUNTIFS(Dados!$X:$X,N$1,Dados!$G:$G,$A3,Dados!$R:$R,Dados!$Z$375,Dados!$O:$O,Dados!$Z$381)+COUNTIFS(Dados!$X:$X,N$1,Dados!$G:$G,$A3,Dados!$R:$R,Dados!$Z$376,Dados!$O:$O,Dados!$Z$381)+COUNTIFS(Dados!$X:$X,N$1,Dados!$G:$G,$A3,Dados!$R:$R,Dados!$Z$377,Dados!$O:$O,Dados!$Z$381)+COUNTIFS(Dados!$X:$X,N$1,Dados!$G:$G,$A3,Dados!$R:$R,Dados!$Z$378,Dados!$O:$O,Dados!$Z$381)+COUNTIFS(Dados!$X:$X,N$1,Dados!$G:$G,$A3,Dados!$R:$R,Dados!$Z$379,Dados!$O:$O,Dados!$Z$381)+COUNTIFS(Dados!$X:$X,N$1,Dados!$G:$G,$A3,Dados!$R:$R,Dados!$Z$380,Dados!$O:$O,Dados!$Z$381) -> 0 | O3: =COUNTIFS(Dados!$X:$X,P$1,Dados!$G:$G,$A3,Dados!$R:$R,Dados!$Z$370,Dados!$O:$O,Dados!$Z$381,Dados!$AA:$AA,'RESUMO MENSAL'!$Q$1)+ COUNTIFS(Dados!$X:$X,P$1,Dados!$G:$G,$A3,Dados!$R:$R,Dados!$Z$371,Dados!$O:$O,Dados!$Z$381,Dados!$AA:$AA,'RESUMO MENSAL'!$Q$1)+ COUNTIFS(Dados!$X:$X,P$1,Dados!$G:$G,$A3,Dados!$R:$R,Dados!$Z$372,Dados!$O:$O,Dados!$Z$381,Dados!$AA:$AA,'RESUMO MENSAL'!$Q$1)+ COUNTIFS(Dados!$X:$X,P$1,Dados!$G:$G,$A3,Dados!$R:$R,Dados!$Z$373,Dados!$O:$O,Dados!$Z$381,Dados!$AA:$AA,'RESUMO MENSAL'!$Q$1)+ COUNTIFS(Dados!$X:$X,P$1,Dados!$G:$G,$A3,Dados!$R:$R,Dados!$Z$374,Dados!$O:$O,Dados!$Z$381,Dados!$AA:$AA,'RESUMO MENSAL'!$Q$1)+ COUNTIFS(Dados!$X:$X,P$1,Dados!$G:$G,$A3,Dados!$R:$R,Dados!$Z$375,Dados!$O:$O,Dados!$Z$381,Dados!$AA:$AA,'RESUMO MENSAL'!$Q$1)+ COUNTIFS(Dados!$X:$X,P$1,Dados!$G:$G,$A3,Dados!$R:$R,Dados!$Z$376,Dados!$O:$O,Dados!$Z$381,Dados!$AA:$AA,'RESUMO MENSAL'!$Q$1)+ COUNTIFS(Dados!$X:$X,P$1,Dados!$G:$G,$A3,Dados!$R:$R,Dados!$Z$377,Dados!$O:$O,Dados!$Z$381,Dados!$AA:$AA,'RESUMO MENSAL'!$Q$1)+ COUNTIFS(Dados!$X:$X,P$1,Dados!$G:$G,$A3,Dados!$R:$R,Dados!$Z$378,Dados!$O:$O,Dados!$Z$381,Dados!$AA:$AA,'RESUMO MENSAL'!$Q$1)+ COUNTIFS(Dados!$X:$X,P$1,Dados!$G:$G,$A3,Dados!$R:$R,Dados!$Z$379,Dados!$O:$O,Dados!$Z$381,Dados!$AA:$AA,'RESUMO MENSAL'!$Q$1)+ COUNTIFS(Dados!$X:$X,P$1,Dados!$G:$G,$A3,Dados!$R:$R,Dados!$Z$380,Dados!$O:$O,Dados!$Z$381,Dados!$AA:$AA,'RESUMO MENSAL'!$Q$1) -> 0 | P3: =SUM(C3:N3)-O3 -> 6
A4: 870 | B4: =VLOOKUP(A4,LOCAL,2,0) -> JUSTINOPOLIS | C4: =COUNTIFS(Dados!$X:$X,C$1,Dados!$G:$G,$A4,Dados!$R:$R,Dados!$Z$370,Dados!$O:$O,Dados!$Z$381)+COUNTIFS(Dados!$X:$X,C$1,Dados!$G:$G,$A4,Dados!$R:$R,Dados!$Z$371,Dados!$O:$O,Dados!$Z$381)+COUNTIFS(Dados!$X:$X,C$1,Dados!$G:$G,$A4,Dados!$R:$R,Dados!$Z$372,Dados!$O:$O,Dados!$Z$381)+COUNTIFS(Dados!$X:$X,C$1,Dados!$G:$G,$A4,Dados!$R:$R,Dados!$Z$373,Dados!$O:$O,Dados!$Z$381)+COUNTIFS(Dados!$X:$X,C$1,Dados!$G:$G,$A4,Dados!$R:$R,Dados!$Z$374,Dados!$O:$O,Dados!$Z$381)+COUNTIFS(Dados!$X:$X,C$1,Dados!$G:$G,$A4,Dados!$R:$R,Dados!$Z$375,Dados!$O:$O,Dados!$Z$381)+COUNTIFS(Dados!$X:$X,C$1,Dados!$G:$G,$A4,Dados!$R:$R,Dados!$Z$376,Dados!$O:$O,Dados!$Z$381)+COUNTIFS(Dados!$X:$X,C$1,Dados!$G:$G,$A4,Dados!$R:$R,Dados!$Z$377,Dados!$O:$O,Dados!$Z$381)+COUNTIFS(Dados!$X:$X,C$1,Dados!$G:$G,$A4,Dados!$R:$R,Dados!$Z$378,Dados!$O:$O,Dados!$Z$381)+COUNTIFS(Dados!$X:$X,C$1,Dados!$G:$G,$A4,Dados!$R:$R,Dados!$Z$379,Dados!$O:$O,Dados!$Z$381)+COUNTIFS(Dados!$X:$X,C$1,Dados!$G:$G,$A4,Dados!$R:$R,Dados!$Z$380,Dados!$O:$O,Dados!$Z$381) -> 0 | D4: =COUNTIFS(Dados!$X:$X,D$1,Dados!$G:$G,$A4,Dados!$R:$R,Dados!$Z$370,Dados!$O:$O,Dados!$Z$381)+COUNTIFS(Dados!$X:$X,D$1,Dados!$G:$G,$A4,Dados!$R:$R,Dados!$Z$371,Dados!$O:$O,Dados!$Z$381)+COUNTIFS(Dados!$X:$X,D$1,Dados!$G:$G,$A4,Dados!$R:$R,Dados!$Z$372,Dados!$O:$O,Dados!$Z$381)+COUNTIFS(Dados!$X:$X,D$1,Dados!$G:$G,$A4,Dados!$R:$R,Dados!$Z$373,Dados!$O:$O,Dados!$Z$381)+COUNTIFS(Dados!$X:$X,D$1,Dados!$G:$G,$A4,Dados!$R:$R,Dados!$Z$374,Dados!$O:$O,Dados!$Z$381)+COUNTIFS(Dados!$X:$X,D$1,Dados!$G:$G,$A4,Dados!$R:$R,Dados!$Z$375,Dados!$O:$O,Dados!$Z$381)+COUNTIFS(Dados!$X:$X,D$1,Dados!$G:$G,$A4,Dados!$R:$R,Dados!$Z$376,Dados!$O:$O,Dados!$Z$381)+COUNTIFS(Dados!$X:$X,D$1,Dados!$G:$G,$A4,Dados!$R:$R,Dados!$Z$377,Dados!$O:$O,Dados!$Z$381)+COUNTIFS(Dados!$X:$X,D$1,Dados!$G:$G,$A4,Dados!$R:$R,Dados!$Z$378,Dados!$O:$O,Dados!$Z$381)+COUNTIFS(Dados!$X:$X,D$1,Dados!$G:$G,$A4,Dados!$R:$R,Dados!$Z$379,Dados!$O:$O,Dados!$Z$381)+COUNTIFS(Dados!$X:$X,D$1,Dados!$G:$G,$A4,Dados!$R:$R,Dados!$Z$380,Dados!$O:$O,Dados!$Z$381) -> 0 | E4: =COUNTIFS(Dados!$X:$X,E$1,Dados!$G:$G,$A4,Dados!$R:$R,Dados!$Z$370,Dados!$O:$O,Dados!$Z$381)+COUNTIFS(Dados!$X:$X,E$1,Dados!$G:$G,$A4,Dados!$R:$R,Dados!$Z$371,Dados!$O:$O,Dados!$Z$381)+COUNTIFS(Dados!$X:$X,E$1,Dados!$G:$G,$A4,Dados!$R:$R,Dados!$Z$372,Dados!$O:$O,Dados!$Z$381)+COUNTIFS(Dados!$X:$X,E$1,Dados!$G:$G,$A4,Dados!$R:$R,Dados!$Z$373,Dados!$O:$O,Dados!$Z$381)+COUNTIFS(Dados!$X:$X,E$1,Dados!$G:$G,$A4,Dados!$R:$R,Dados!$Z$374,Dados!$O:$O,Dados!$Z$381)+COUNTIFS(Dados!$X:$X,E$1,Dados!$G:$G,$A4,Dados!$R:$R,Dados!$Z$375,Dados!$O:$O,Dados!$Z$381)+COUNTIFS(Dados!$X:$X,E$1,Dados!$G:$G,$A4,Dados!$R:$R,Dados!$Z$376,Dados!$O:$O,Dados!$Z$381)+COUNTIFS(Dados!$X:$X,E$1,Dados!$G:$G,$A4,Dados!$R:$R,Dados!$Z$377,Dados!$O:$O,Dados!$Z$381)+COUNTIFS(Dados!$X:$X,E$1,Dados!$G:$G,$A4,Dados!$R:$R,Dados!$Z$378,Dados!$O:$O,Dados!$Z$381)+COUNTIFS(Dados!$X:$X,E$1,Dados!$G:$G,$A4,Dados!$R:$R,Dados!$Z$379,Dados!$O:$O,Dados!$Z$381)+COUNTIFS(Dados!$X:$X,E$1,Dados!$G:$G,$A4,Dados!$R:$R,Dados!$Z$380,Dados!$O:$O,Dados!$Z$381) -> 1 | F4: =COUNTIFS(Dados!$X:$X,F$1,Dados!$G:$G,$A4,Dados!$R:$R,Dados!$Z$370,Dados!$O:$O,Dados!$Z$381)+COUNTIFS(Dados!$X:$X,F$1,Dados!$G:$G,$A4,Dados!$R:$R,Dados!$Z$371,Dados!$O:$O,Dados!$Z$381)+COUNTIFS(Dados!$X:$X,F$1,Dados!$G:$G,$A4,Dados!$R:$R,Dados!$Z$372,Dados!$O:$O,Dados!$Z$381)+COUNTIFS(Dados!$X:$X,F$1,Dados!$G:$G,$A4,Dados!$R:$R,Dados!$Z$373,Dados!$O:$O,Dados!$Z$381)+COUNTIFS(Dados!$X:$X,F$1,Dados!$G:$G,$A4,Dados!$R:$R,Dados!$Z$374,Dados!$O:$O,Dados!$Z$381)+COUNTIFS(Dados!$X:$X,F$1,Dados!$G:$G,$A4,Dados!$R:$R,Dados!$Z$375,Dados!$O:$O,Dados!$Z$381)+COUNTIFS(Dados!$X:$X,F$1,Dados!$G:$G,$A4,Dados!$R:$R,Dados!$Z$376,Dados!$O:$O,Dados!$Z$381)+COUNTIFS(Dados!$X:$X,F$1,Dados!$G:$G,$A4,Dados!$R:$R,Dados!$Z$377,Dados!$O:$O,Dados!$Z$381)+COUNTIFS(Dados!$X:$X,F$1,Dados!$G:$G,$A4,Dados!$R:$R,Dados!$Z$378,Dados!$O:$O,Dados!$Z$381)+COUNTIFS(Dados!$X:$X,F$1,Dados!$G:$G,$A4,Dados!$R:$R,Dados!$Z$379,Dados!$O:$O,Dados!$Z$381)+COUNTIFS(Dados!$X:$X,F$1,Dados!$G:$G,$A4,Dados!$R:$R,Dados!$Z$380,Dados!$O:$O,Dados!$Z$381) -> 0 | G4: =COUNTIFS(Dados!$X:$X,G$1,Dados!$G:$G,$A4,Dados!$R:$R,Dados!$Z$370,Dados!$O:$O,Dados!$Z$381)+COUNTIFS(Dados!$X:$X,G$1,Dados!$G:$G,$A4,Dados!$R:$R,Dados!$Z$371,Dados!$O:$O,Dados!$Z$381)+COUNTIFS(Dados!$X:$X,G$1,Dados!$G:$G,$A4,Dados!$R:$R,Dados!$Z$372,Dados!$O:$O,Dados!$Z$381)+COUNTIFS(Dados!$X:$X,G$1,Dados!$G:$G,$A4,Dados!$R:$R,Dados!$Z$373,Dados!$O:$O,Dados!$Z$381)+COUNTIFS(Dados!$X:$X,G$1,Dados!$G:$G,$A4,Dados!$R:$R,Dados!$Z$374,Dados!$O:$O,Dados!$Z$381)+COUNTIFS(Dados!$X:$X,G$1,Dados!$G:$G,$A4,Dados!$R:$R,Dados!$Z$375,Dados!$O:$O,Dados!$Z$381)+COUNTIFS(Dados!$X:$X,G$1,Dados!$G:$G,$A4,Dados!$R:$R,Dados!$Z$376,Dados!$O:$O,Dados!$Z$381)+COUNTIFS(Dados!$X:$X,G$1,Dados!$G:$G,$A4,Dados!$R:$R,Dados!$Z$377,Dados!$O:$O,Dados!$Z$381)+COUNTIFS(Dados!$X:$X,G$1,Dados!$G:$G,$A4,Dados!$R:$R,Dados!$Z$378,Dados!$O:$O,Dados!$Z$381)+COUNTIFS(Dados!$X:$X,G$1,Dados!$G:$G,$A4,Dados!$R:$R,Dados!$Z$379,Dados!$O:$O,Dados!$Z$381)+COUNTIFS(Dados!$X:$X,G$1,Dados!$G:$G,$A4,Dados!$R:$R,Dados!$Z$380,Dados!$O:$O,Dados!$Z$381) -> 16 | H4: =COUNTIFS(Dados!$X:$X,H$1,Dados!$G:$G,$A4,Dados!$R:$R,Dados!$Z$370,Dados!$O:$O,Dados!$Z$381)+COUNTIFS(Dados!$X:$X,H$1,Dados!$G:$G,$A4,Dados!$R:$R,Dados!$Z$371,Dados!$O:$O,Dados!$Z$381)+COUNTIFS(Dados!$X:$X,H$1,Dados!$G:$G,$A4,Dados!$R:$R,Dados!$Z$372,Dados!$O:$O,Dados!$Z$381)+COUNTIFS(Dados!$X:$X,H$1,Dados!$G:$G,$A4,Dados!$R:$R,Dados!$Z$373,Dados!$O:$O,Dados!$Z$381)+COUNTIFS(Dados!$X:$X,H$1,Dados!$G:$G,$A4,Dados!$R:$R,Dados!$Z$374,Dados!$O:$O,Dados!$Z$381)+COUNTIFS(Dados!$X:$X,H$1,Dados!$G:$G,$A4,Dados!$R:$R,Dados!$Z$375,Dados!$O:$O,Dados!$Z$381)+COUNTIFS(Dados!$X:$X,H$1,Dados!$G:$G,$A4,Dados!$R:$R,Dados!$Z$376,Dados!$O:$O,Dados!$Z$381)+COUNTIFS(Dados!$X:$X,H$1,Dados!$G:$G,$A4,Dados!$R:$R,Dados!$Z$377,Dados!$O:$O,Dados!$Z$381)+COUNTIFS(Dados!$X:$X,H$1,Dados!$G:$G,$A4,Dados!$R:$R,Dados!$Z$378,Dados!$O:$O,Dados!$Z$381)+COUNTIFS(Dados!$X:$X,H$1,Dados!$G:$G,$A4,Dados!$R:$R,Dados!$Z$379,Dados!$O:$O,Dados!$Z$381)+COUNTIFS(Dados!$X:$X,H$1,Dados!$G:$G,$A4,Dados!$R:$R,Dados!$Z$380,Dados!$O:$O,Dados!$Z$381) -> 0 | I4: =COUNTIFS(Dados!$X:$X,I$1,Dados!$G:$G,$A4,Dados!$R:$R,Dados!$Z$370,Dados!$O:$O,Dados!$Z$381)+COUNTIFS(Dados!$X:$X,I$1,Dados!$G:$G,$A4,Dados!$R:$R,Dados!$Z$371,Dados!$O:$O,Dados!$Z$381)+COUNTIFS(Dados!$X:$X,I$1,Dados!$G:$G,$A4,Dados!$R:$R,Dados!$Z$372,Dados!$O:$O,Dados!$Z$381)+COUNTIFS(Dados!$X:$X,I$1,Dados!$G:$G,$A4,Dados!$R:$R,Dados!$Z$373,Dados!$O:$O,Dados!$Z$381)+COUNTIFS(Dados!$X:$X,I$1,Dados!$G:$G,$A4,Dados!$R:$R,Dados!$Z$374,Dados!$O:$O,Dados!$Z$381)+COUNTIFS(Dados!$X:$X,I$1,Dados!$G:$G,$A4,Dados!$R:$R,Dados!$Z$375,Dados!$O:$O,Dados!$Z$381)+COUNTIFS(Dados!$X:$X,I$1,Dados!$G:$G,$A4,Dados!$R:$R,Dados!$Z$376,Dados!$O:$O,Dados!$Z$381)+COUNTIFS(Dados!$X:$X,I$1,Dados!$G:$G,$A4,Dados!$R:$R,Dados!$Z$377,Dados!$O:$O,Dados!$Z$381)+COUNTIFS(Dados!$X:$X,I$1,Dados!$G:$G,$A4,Dados!$R:$R,Dados!$Z$378,Dados!$O:$O,Dados!$Z$381)+COUNTIFS(Dados!$X:$X,I$1,Dados!$G:$G,$A4,Dados!$R:$R,Dados!$Z$379,Dados!$O:$O,Dados!$Z$381)+COUNTIFS(Dados!$X:$X,I$1,Dados!$G:$G,$A4,Dados!$R:$R,Dados!$Z$380,Dados!$O:$O,Dados!$Z$381) -> 0 | J4: =COUNTIFS(Dados!$X:$X,J$1,Dados!$G:$G,$A4,Dados!$R:$R,Dados!$Z$370,Dados!$O:$O,Dados!$Z$381)+COUNTIFS(Dados!$X:$X,J$1,Dados!$G:$G,$A4,Dados!$R:$R,Dados!$Z$371,Dados!$O:$O,Dados!$Z$381)+COUNTIFS(Dados!$X:$X,J$1,Dados!$G:$G,$A4,Dados!$R:$R,Dados!$Z$372,Dados!$O:$O,Dados!$Z$381)+COUNTIFS(Dados!$X:$X,J$1,Dados!$G:$G,$A4,Dados!$R:$R,Dados!$Z$373,Dados!$O:$O,Dados!$Z$381)+COUNTIFS(Dados!$X:$X,J$1,Dados!$G:$G,$A4,Dados!$R:$R,Dados!$Z$374,Dados!$O:$O,Dados!$Z$381)+COUNTIFS(Dados!$X:$X,J$1,Dados!$G:$G,$A4,Dados!$R:$R,Dados!$Z$375,Dados!$O:$O,Dados!$Z$381)+COUNTIFS(Dados!$X:$X,J$1,Dados!$G:$G,$A4,Dados!$R:$R,Dados!$Z$376,Dados!$O:$O,Dados!$Z$381)+COUNTIFS(Dados!$X:$X,J$1,Dados!$G:$G,$A4,Dados!$R:$R,Dados!$Z$377,Dados!$O:$O,Dados!$Z$381)+COUNTIFS(Dados!$X:$X,J$1,Dados!$G:$G,$A4,Dados!$R:$R,Dados!$Z$378,Dados!$O:$O,Dados!$Z$381)+COUNTIFS(Dados!$X:$X,J$1,Dados!$G:$G,$A4,Dados!$R:$R,Dados!$Z$379,Dados!$O:$O,Dados!$Z$381)+COUNTIFS(Dados!$X:$X,J$1,Dados!$G:$G,$A4,Dados!$R:$R,Dados!$Z$380,Dados!$O:$O,Dados!$Z$381) -> 0 | ... N4: =COUNTIFS(Dados!$X:$X,N$1,Dados!$G:$G,$A4,Dados!$R:$R,Dados!$Z$370,Dados!$O:$O,Dados!$Z$381)+COUNTIFS(Dados!$X:$X,N$1,Dados!$G:$G,$A4,Dados!$R:$R,Dados!$Z$371,Dados!$O:$O,Dados!$Z$381)+COUNTIFS(Dados!$X:$X,N$1,Dados!$G:$G,$A4,Dados!$R:$R,Dados!$Z$372,Dados!$O:$O,Dados!$Z$381)+COUNTIFS(Dados!$X:$X,N$1,Dados!$G:$G,$A4,Dados!$R:$R,Dados!$Z$373,Dados!$O:$O,Dados!$Z$381)+COUNTIFS(Dados!$X:$X,N$1,Dados!$G:$G,$A4,Dados!$R:$R,Dados!$Z$374,Dados!$O:$O,Dados!$Z$381)+COUNTIFS(Dados!$X:$X,N$1,Dados!$G:$G,$A4,Dados!$R:$R,Dados!$Z$375,Dados!$O:$O,Dados!$Z$381)+COUNTIFS(Dados!$X:$X,N$1,Dados!$G:$G,$A4,Dados!$R:$R,Dados!$Z$376,Dados!$O:$O,Dados!$Z$381)+COUNTIFS(Dados!$X:$X,N$1,Dados!$G:$G,$A4,Dados!$R:$R,Dados!$Z$377,Dados!$O:$O,Dados!$Z$381)+COUNTIFS(Dados!$X:$X,N$1,Dados!$G:$G,$A4,Dados!$R:$R,Dados!$Z$378,Dados!$O:$O,Dados!$Z$381)+COUNTIFS(Dados!$X:$X,N$1,Dados!$G:$G,$A4,Dados!$R:$R,Dados!$Z$379,Dados!$O:$O,Dados!$Z$381)+COUNTIFS(Dados!$X:$X,N$1,Dados!$G:$G,$A4,Dados!$R:$R,Dados!$Z$380,Dados!$O:$O,Dados!$Z$381) -> 0 | O4: =COUNTIFS(Dados!$X:$X,P$1,Dados!$G:$G,$A4,Dados!$R:$R,Dados!$Z$370,Dados!$O:$O,Dados!$Z$381,Dados!$AA:$AA,'RESUMO MENSAL'!$Q$1)+ COUNTIFS(Dados!$X:$X,P$1,Dados!$G:$G,$A4,Dados!$R:$R,Dados!$Z$371,Dados!$O:$O,Dados!$Z$381,Dados!$AA:$AA,'RESUMO MENSAL'!$Q$1)+ COUNTIFS(Dados!$X:$X,P$1,Dados!$G:$G,$A4,Dados!$R:$R,Dados!$Z$372,Dados!$O:$O,Dados!$Z$381,Dados!$AA:$AA,'RESUMO MENSAL'!$Q$1)+ COUNTIFS(Dados!$X:$X,P$1,Dados!$G:$G,$A4,Dados!$R:$R,Dados!$Z$373,Dados!$O:$O,Dados!$Z$381,Dados!$AA:$AA,'RESUMO MENSAL'!$Q$1)+ COUNTIFS(Dados!$X:$X,P$1,Dados!$G:$G,$A4,Dados!$R:$R,Dados!$Z$374,Dados!$O:$O,Dados!$Z$381,Dados!$AA:$AA,'RESUMO MENSAL'!$Q$1)+ COUNTIFS(Dados!$X:$X,P$1,Dados!$G:$G,$A4,Dados!$R:$R,Dados!$Z$375,Dados!$O:$O,Dados!$Z$381,Dados!$AA:$AA,'RESUMO MENSAL'!$Q$1)+ COUNTIFS(Dados!$X:$X,P$1,Dados!$G:$G,$A4,Dados!$R:$R,Dados!$Z$376,Dados!$O:$O,Dados!$Z$381,Dados!$AA:$AA,'RESUMO MENSAL'!$Q$1)+ COUNTIFS(Dados!$X:$X,P$1,Dados!$G:$G,$A4,Dados!$R:$R,Dados!$Z$377,Dados!$O:$O,Dados!$Z$381,Dados!$AA:$AA,'RESUMO MENSAL'!$Q$1)+ COUNTIFS(Dados!$X:$X,P$1,Dados!$G:$G,$A4,Dados!$R:$R,Dados!$Z$378,Dados!$O:$O,Dados!$Z$381,Dados!$AA:$AA,'RESUMO MENSAL'!$Q$1)+ COUNTIFS(Dados!$X:$X,P$1,Dados!$G:$G,$A4,Dados!$R:$R,Dados!$Z$379,Dados!$O:$O,Dados!$Z$381,Dados!$AA:$AA,'RESUMO MENSAL'!$Q$1)+ COUNTIFS(Dados!$X:$X,P$1,Dados!$G:$G,$A4,Dados!$R:$R,Dados!$Z$380,Dados!$O:$O,Dados!$Z$381,Dados!$AA:$AA,'RESUMO MENSAL'!$Q$1) -> 0 | P4: =SUM(C4:N4)-O4 -> 17
A5: 250 | B5: =VLOOKUP(A5,LOCAL,2,0) -> LAFAIETE | C5: =COUNTIFS(Dados!$X:$X,C$1,Dados!$G:$G,$A5,Dados!$R:$R,Dados!$Z$370,Dados!$O:$O,Dados!$Z$381)+COUNTIFS(Dados!$X:$X,C$1,Dados!$G:$G,$A5,Dados!$R:$R,Dados!$Z$371,Dados!$O:$O,Dados!$Z$381)+COUNTIFS(Dados!$X:$X,C$1,Dados!$G:$G,$A5,Dados!$R:$R,Dados!$Z$372,Dados!$O:$O,Dados!$Z$381)+COUNTIFS(Dados!$X:$X,C$1,Dados!$G:$G,$A5,Dados!$R:$R,Dados!$Z$373,Dados!$O:$O,Dados!$Z$381)+COUNTIFS(Dados!$X:$X,C$1,Dados!$G:$G,$A5,Dados!$R:$R,Dados!$Z$374,Dados!$O:$O,Dados!$Z$381)+COUNTIFS(Dados!$X:$X,C$1,Dados!$G:$G,$A5,Dados!$R:$R,Dados!$Z$375,Dados!$O:$O,Dados!$Z$381)+COUNTIFS(Dados!$X:$X,C$1,Dados!$G:$G,$A5,Dados!$R:$R,Dados!$Z$376,Dados!$O:$O,Dados!$Z$381)+COUNTIFS(Dados!$X:$X,C$1,Dados!$G:$G,$A5,Dados!$R:$R,Dados!$Z$377,Dados!$O:$O,Dados!$Z$381)+COUNTIFS(Dados!$X:$X,C$1,Dados!$G:$G,$A5,Dados!$R:$R,Dados!$Z$378,Dados!$O:$O,Dados!$Z$381)+COUNTIFS(Dados!$X:$X,C$1,Dados!$G:$G,$A5,Dados!$R:$R,Dados!$Z$379,Dados!$O:$O,Dados!$Z$381)+COUNTIFS(Dados!$X:$X,C$1,Dados!$G:$G,$A5,Dados!$R:$R,Dados!$Z$380,Dados!$O:$O,Dados!$Z$381) -> 0 | D5: =COUNTIFS(Dados!$X:$X,D$1,Dados!$G:$G,$A5,Dados!$R:$R,Dados!$Z$370,Dados!$O:$O,Dados!$Z$381)+COUNTIFS(Dados!$X:$X,D$1,Dados!$G:$G,$A5,Dados!$R:$R,Dados!$Z$371,Dados!$O:$O,Dados!$Z$381)+COUNTIFS(Dados!$X:$X,D$1,Dados!$G:$G,$A5,Dados!$R:$R,Dados!$Z$372,Dados!$O:$O,Dados!$Z$381)+COUNTIFS(Dados!$X:$X,D$1,Dados!$G:$G,$A5,Dados!$R:$R,Dados!$Z$373,Dados!$O:$O,Dados!$Z$381)+COUNTIFS(Dados!$X:$X,D$1,Dados!$G:$G,$A5,Dados!$R:$R,Dados!$Z$374,Dados!$O:$O,Dados!$Z$381)+COUNTIFS(Dados!$X:$X,D$1,Dados!$G:$G,$A5,Dados!$R:$R,Dados!$Z$375,Dados!$O:$O,Dados!$Z$381)+COUNTIFS(Dados!$X:$X,D$1,Dados!$G:$G,$A5,Dados!$R:$R,Dados!$Z$376,Dados!$O:$O,Dados!$Z$381)+COUNTIFS(Dados!$X:$X,D$1,Dados!$G:$G,$A5,Dados!$R:$R,Dados!$Z$377,Dados!$O:$O,Dados!$Z$381)+COUNTIFS(Dados!$X:$X,D$1,Dados!$G:$G,$A5,Dados!$R:$R,Dados!$Z$378,Dados!$O:$O,Dados!$Z$381)+COUNTIFS(Dados!$X:$X,D$1,Dados!$G:$G,$A5,Dados!$R:$R,Dados!$Z$379,Dados!$O:$O,Dados!$Z$381)+COUNTIFS(Dados!$X:$X,D$1,Dados!$G:$G,$A5,Dados!$R:$R,Dados!$Z$380,Dados!$O:$O,Dados!$Z$381) -> 0 | E5: =COUNTIFS(Dados!$X:$X,E$1,Dados!$G:$G,$A5,Dados!$R:$R,Dados!$Z$370,Dados!$O:$O,Dados!$Z$381)+COUNTIFS(Dados!$X:$X,E$1,Dados!$G:$G,$A5,Dados!$R:$R,Dados!$Z$371,Dados!$O:$O,Dados!$Z$381)+COUNTIFS(Dados!$X:$X,E$1,Dados!$G:$G,$A5,Dados!$R:$R,Dados!$Z$372,Dados!$O:$O,Dados!$Z$381)+COUNTIFS(Dados!$X:$X,E$1,Dados!$G:$G,$A5,Dados!$R:$R,Dados!$Z$373,Dados!$O:$O,Dados!$Z$381)+COUNTIFS(Dados!$X:$X,E$1,Dados!$G:$G,$A5,Dados!$R:$R,Dados!$Z$374,Dados!$O:$O,Dados!$Z$381)+COUNTIFS(Dados!$X:$X,E$1,Dados!$G:$G,$A5,Dados!$R:$R,Dados!$Z$375,Dados!$O:$O,Dados!$Z$381)+COUNTIFS(Dados!$X:$X,E$1,Dados!$G:$G,$A5,Dados!$R:$R,Dados!$Z$376,Dados!$O:$O,Dados!$Z$381)+COUNTIFS(Dados!$X:$X,E$1,Dados!$G:$G,$A5,Dados!$R:$R,Dados!$Z$377,Dados!$O:$O,Dados!$Z$381)+COUNTIFS(Dados!$X:$X,E$1,Dados!$G:$G,$A5,Dados!$R:$R,Dados!$Z$378,Dados!$O:$O,Dados!$Z$381)+COUNTIFS(Dados!$X:$X,E$1,Dados!$G:$G,$A5,Dados!$R:$R,Dados!$Z$379,Dados!$O:$O,Dados!$Z$381)+COUNTIFS(Dados!$X:$X,E$1,Dados!$G:$G,$A5,Dados!$R:$R,Dados!$Z$380,Dados!$O:$O,Dados!$Z$381) -> 0 | F5: =COUNTIFS(Dados!$X:$X,F$1,Dados!$G:$G,$A5,Dados!$R:$R,Dados!$Z$370,Dados!$O:$O,Dados!$Z$381)+COUNTIFS(Dados!$X:$X,F$1,Dados!$G:$G,$A5,Dados!$R:$R,Dados!$Z$371,Dados!$O:$O,Dados!$Z$381)+COUNTIFS(Dados!$X:$X,F$1,Dados!$G:$G,$A5,Dados!$R:$R,Dados!$Z$372,Dados!$O:$O,Dados!$Z$381)+COUNTIFS(Dados!$X:$X,F$1,Dados!$G:$G,$A5,Dados!$R:$R,Dados!$Z$373,Dados!$O:$O,Dados!$Z$381)+COUNTIFS(Dados!$X:$X,F$1,Dados!$G:$G,$A5,Dados!$R:$R,Dados!$Z$374,Dados!$O:$O,Dados!$Z$381)+COUNTIFS(Dados!$X:$X,F$1,Dados!$G:$G,$A5,Dados!$R:$R,Dados!$Z$375,Dados!$O:$O,Dados!$Z$381)+COUNTIFS(Dados!$X:$X,F$1,Dados!$G:$G,$A5,Dados!$R:$R,Dados!$Z$376,Dados!$O:$O,Dados!$Z$381)+COUNTIFS(Dados!$X:$X,F$1,Dados!$G:$G,$A5,Dados!$R:$R,Dados!$Z$377,Dados!$O:$O,Dados!$Z$381)+COUNTIFS(Dados!$X:$X,F$1,Dados!$G:$G,$A5,Dados!$R:$R,Dados!$Z$378,Dados!$O:$O,Dados!$Z$381)+COUNTIFS(Dados!$X:$X,F$1,Dados!$G:$G,$A5,Dados!$R:$R,Dados!$Z$379,Dados!$O:$O,Dados!$Z$381)+COUNTIFS(Dados!$X:$X,F$1,Dados!$G:$G,$A5,Dados!$R:$R,Dados!$Z$380,Dados!$O:$O,Dados!$Z$381) -> 0 | G5: =COUNTIFS(Dados!$X:$X,G$1,Dados!$G:$G,$A5,Dados!$R:$R,Dados!$Z$370,Dados!$O:$O,Dados!$Z$381)+COUNTIFS(Dados!$X:$X,G$1,Dados!$G:$G,$A5,Dados!$R:$R,Dados!$Z$371,Dados!$O:$O,Dados!$Z$381)+COUNTIFS(Dados!$X:$X,G$1,Dados!$G:$G,$A5,Dados!$R:$R,Dados!$Z$372,Dados!$O:$O,Dados!$Z$381)+COUNTIFS(Dados!$X:$X,G$1,Dados!$G:$G,$A5,Dados!$R:$R,Dados!$Z$373,Dados!$O:$O,Dados!$Z$381)+COUNTIFS(Dados!$X:$X,G$1,Dados!$G:$G,$A5,Dados!$R:$R,Dados!$Z$374,Dados!$O:$O,Dados!$Z$381)+COUNTIFS(Dados!$X:$X,G$1,Dados!$G:$G,$A5,Dados!$R:$R,Dados!$Z$375,Dados!$O:$O,Dados!$Z$381)+COUNTIFS(Dados!$X:$X,G$1,Dados!$G:$G,$A5,Dados!$R:$R,Dados!$Z$376,Dados!$O:$O,Dados!$Z$381)+COUNTIFS(Dados!$X:$X,G$1,Dados!$G:$G,$A5,Dados!$R:$R,Dados!$Z$377,Dados!$O:$O,Dados!$Z$381)+COUNTIFS(Dados!$X:$X,G$1,Dados!$G:$G,$A5,Dados!$R:$R,Dados!$Z$378,Dados!$O:$O,Dados!$Z$381)+COUNTIFS(Dados!$X:$X,G$1,Dados!$G:$G,$A5,Dados!$R:$R,Dados!$Z$379,Dados!$O:$O,Dados!$Z$381)+COUNTIFS(Dados!$X:$X,G$1,Dados!$G:$G,$A5,Dados!$R:$R,Dados!$Z$380,Dados!$O:$O,Dados!$Z$381) -> 0 | H5: =COUNTIFS(Dados!$X:$X,H$1,Dados!$G:$G,$A5,Dados!$R:$R,Dados!$Z$370,Dados!$O:$O,Dados!$Z$381)+COUNTIFS(Dados!$X:$X,H$1,Dados!$G:$G,$A5,Dados!$R:$R,Dados!$Z$371,Dados!$O:$O,Dados!$Z$381)+COUNTIFS(Dados!$X:$X,H$1,Dados!$G:$G,$A5,Dados!$R:$R,Dados!$Z$372,Dados!$O:$O,Dados!$Z$381)+COUNTIFS(Dados!$X:$X,H$1,Dados!$G:$G,$A5,Dados!$R:$R,Dados!$Z$373,Dados!$O:$O,Dados!$Z$381)+COUNTIFS(Dados!$X:$X,H$1,Dados!$G:$G,$A5,Dados!$R:$R,Dados!$Z$374,Dados!$O:$O,Dados!$Z$381)+COUNTIFS(Dados!$X:$X,H$1,Dados!$G:$G,$A5,Dados!$R:$R,Dados!$Z$375,Dados!$O:$O,Dados!$Z$381)+COUNTIFS(Dados!$X:$X,H$1,Dados!$G:$G,$A5,Dados!$R:$R,Dados!$Z$376,Dados!$O:$O,Dados!$Z$381)+COUNTIFS(Dados!$X:$X,H$1,Dados!$G:$G,$A5,Dados!$R:$R,Dados!$Z$377,Dados!$O:$O,Dados!$Z$381)+COUNTIFS(Dados!$X:$X,H$1,Dados!$G:$G,$A5,Dados!$R:$R,Dados!$Z$378,Dados!$O:$O,Dados!$Z$381)+COUNTIFS(Dados!$X:$X,H$1,Dados!$G:$G,$A5,Dados!$R:$R,Dados!$Z$379,Dados!$O:$O,Dados!$Z$381)+COUNTIFS(Dados!$X:$X,H$1,Dados!$G:$G,$A5,Dados!$R:$R,Dados!$Z$380,Dados!$O:$O,Dados!$Z$381) -> 0 | I5: =COUNTIFS(Dados!$X:$X,I$1,Dados!$G:$G,$A5,Dados!$R:$R,Dados!$Z$370,Dados!$O:$O,Dados!$Z$381)+COUNTIFS(Dados!$X:$X,I$1,Dados!$G:$G,$A5,Dados!$R:$R,Dados!$Z$371,Dados!$O:$O,Dados!$Z$381)+COUNTIFS(Dados!$X:$X,I$1,Dados!$G:$G,$A5,Dados!$R:$R,Dados!$Z$372,Dados!$O:$O,Dados!$Z$381)+COUNTIFS(Dados!$X:$X,I$1,Dados!$G:$G,$A5,Dados!$R:$R,Dados!$Z$373,Dados!$O:$O,Dados!$Z$381)+COUNTIFS(Dados!$X:$X,I$1,Dados!$G:$G,$A5,Dados!$R:$R,Dados!$Z$374,Dados!$O:$O,Dados!$Z$381)+COUNTIFS(Dados!$X:$X,I$1,Dados!$G:$G,$A5,Dados!$R:$R,Dados!$Z$375,Dados!$O:$O,Dados!$Z$381)+COUNTIFS(Dados!$X:$X,I$1,Dados!$G:$G,$A5,Dados!$R:$R,Dados!$Z$376,Dados!$O:$O,Dados!$Z$381)+COUNTIFS(Dados!$X:$X,I$1,Dados!$G:$G,$A5,Dados!$R:$R,Dados!$Z$377,Dados!$O:$O,Dados!$Z$381)+COUNTIFS(Dados!$X:$X,I$1,Dados!$G:$G,$A5,Dados!$R:$R,Dados!$Z$378,Dados!$O:$O,Dados!$Z$381)+COUNTIFS(Dados!$X:$X,I$1,Dados!$G:$G,$A5,Dados!$R:$R,Dados!$Z$379,Dados!$O:$O,Dados!$Z$381)+COUNTIFS(Dados!$X:$X,I$1,Dados!$G:$G,$A5,Dados!$R:$R,Dados!$Z$380,Dados!$O:$O,Dados!$Z$381) -> 0 | J5: =COUNTIFS(Dados!$X:$X,J$1,Dados!$G:$G,$A5,Dados!$R:$R,Dados!$Z$370,Dados!$O:$O,Dados!$Z$381)+COUNTIFS(Dados!$X:$X,J$1,Dados!$G:$G,$A5,Dados!$R:$R,Dados!$Z$371,Dados!$O:$O,Dados!$Z$381)+COUNTIFS(Dados!$X:$X,J$1,Dados!$G:$G,$A5,Dados!$R:$R,Dados!$Z$372,Dados!$O:$O,Dados!$Z$381)+COUNTIFS(Dados!$X:$X,J$1,Dados!$G:$G,$A5,Dados!$R:$R,Dados!$Z$373,Dados!$O:$O,Dados!$Z$381)+COUNTIFS(Dados!$X:$X,J$1,Dados!$G:$G,$A5,Dados!$R:$R,Dados!$Z$374,Dados!$O:$O,Dados!$Z$381)+COUNTIFS(Dados!$X:$X,J$1,Dados!$G:$G,$A5,Dados!$R:$R,Dados!$Z$375,Dados!$O:$O,Dados!$Z$381)+COUNTIFS(Dados!$X:$X,J$1,Dados!$G:$G,$A5,Dados!$R:$R,Dados!$Z$376,Dados!$O:$O,Dados!$Z$381)+COUNTIFS(Dados!$X:$X,J$1,Dados!$G:$G,$A5,Dados!$R:$R,Dados!$Z$377,Dados!$O:$O,Dados!$Z$381)+COUNTIFS(Dados!$X:$X,J$1,Dados!$G:$G,$A5,Dados!$R:$R,Dados!$Z$378,Dados!$O:$O,Dados!$Z$381)+COUNTIFS(Dados!$X:$X,J$1,Dados!$G:$G,$A5,Dados!$R:$R,Dados!$Z$379,Dados!$O:$O,Dados!$Z$381)+COUNTIFS(Dados!$X:$X,J$1,Dados!$G:$G,$A5,Dados!$R:$R,Dados!$Z$380,Dados!$O:$O,Dados!$Z$381) -> 0 | ... N5: =COUNTIFS(Dados!$X:$X,N$1,Dados!$G:$G,$A5,Dados!$R:$R,Dados!$Z$370,Dados!$O:$O,Dados!$Z$381)+COUNTIFS(Dados!$X:$X,N$1,Dados!$G:$G,$A5,Dados!$R:$R,Dados!$Z$371,Dados!$O:$O,Dados!$Z$381)+COUNTIFS(Dados!$X:$X,N$1,Dados!$G:$G,$A5,Dados!$R:$R,Dados!$Z$372,Dados!$O:$O,Dados!$Z$381)+COUNTIFS(Dados!$X:$X,N$1,Dados!$G:$G,$A5,Dados!$R:$R,Dados!$Z$373,Dados!$O:$O,Dados!$Z$381)+COUNTIFS(Dados!$X:$X,N$1,Dados!$G:$G,$A5,Dados!$R:$R,Dados!$Z$374,Dados!$O:$O,Dados!$Z$381)+COUNTIFS(Dados!$X:$X,N$1,Dados!$G:$G,$A5,Dados!$R:$R,Dados!$Z$375,Dados!$O:$O,Dados!$Z$381)+COUNTIFS(Dados!$X:$X,N$1,Dados!$G:$G,$A5,Dados!$R:$R,Dados!$Z$376,Dados!$O:$O,Dados!$Z$381)+COUNTIFS(Dados!$X:$X,N$1,Dados!$G:$G,$A5,Dados!$R:$R,Dados!$Z$377,Dados!$O:$O,Dados!$Z$381)+COUNTIFS(Dados!$X:$X,N$1,Dados!$G:$G,$A5,Dados!$R:$R,Dados!$Z$378,Dados!$O:$O,Dados!$Z$381)+COUNTIFS(Dados!$X:$X,N$1,Dados!$G:$G,$A5,Dados!$R:$R,Dados!$Z$379,Dados!$O:$O,Dados!$Z$381)+COUNTIFS(Dados!$X:$X,N$1,Dados!$G:$G,$A5,Dados!$R:$R,Dados!$Z$380,Dados!$O:$O,Dados!$Z$381) -> 0 | O5: =COUNTIFS(Dados!$X:$X,P$1,Dados!$G:$G,$A5,Dados!$R:$R,Dados!$Z$370,Dados!$O:$O,Dados!$Z$381,Dados!$AA:$AA,'RESUMO MENSAL'!$Q$1)+ COUNTIFS(Dados!$X:$X,P$1,Dados!$G:$G,$A5,Dados!$R:$R,Dados!$Z$371,Dados!$O:$O,Dados!$Z$381,Dados!$AA:$AA,'RESUMO MENSAL'!$Q$1)+ COUNTIFS(Dados!$X:$X,P$1,Dados!$G:$G,$A5,Dados!$R:$R,Dados!$Z$372,Dados!$O:$O,Dados!$Z$381,Dados!$AA:$AA,'RESUMO MENSAL'!$Q$1)+ COUNTIFS(Dados!$X:$X,P$1,Dados!$G:$G,$A5,Dados!$R:$R,Dados!$Z$373,Dados!$O:$O,Dados!$Z$381,Dados!$AA:$AA,'RESUMO MENSAL'!$Q$1)+ COUNTIFS(Dados!$X:$X,P$1,Dados!$G:$G,$A5,Dados!$R:$R,Dados!$Z$374,Dados!$O:$O,Dados!$Z$381,Dados!$AA:$AA,'RESUMO MENSAL'!$Q$1)+ COUNTIFS(Dados!$X:$X,P$1,Dados!$G:$G,$A5,Dados!$R:$R,Dados!$Z$375,Dados!$O:$O,Dados!$Z$381,Dados!$AA:$AA,'RESUMO MENSAL'!$Q$1)+ COUNTIFS(Dados!$X:$X,P$1,Dados!$G:$G,$A5,Dados!$R:$R,Dados!$Z$376,Dados!$O:$O,Dados!$Z$381,Dados!$AA:$AA,'RESUMO MENSAL'!$Q$1)+ COUNTIFS(Dados!$X:$X,P$1,Dados!$G:$G,$A5,Dados!$R:$R,Dados!$Z$377,Dados!$O:$O,Dados!$Z$381,Dados!$AA:$AA,'RESUMO MENSAL'!$Q$1)+ COUNTIFS(Dados!$X:$X,P$1,Dados!$G:$G,$A5,Dados!$R:$R,Dados!$Z$378,Dados!$O:$O,Dados!$Z$381,Dados!$AA:$AA,'RESUMO MENSAL'!$Q$1)+ COUNTIFS(Dados!$X:$X,P$1,Dados!$G:$G,$A5,Dados!$R:$R,Dados!$Z$379,Dados!$O:$O,Dados!$Z$381,Dados!$AA:$AA,'RESUMO MENSAL'!$Q$1)+ COUNTIFS(Dados!$X:$X,P$1,Dados!$G:$G,$A5,Dados!$R:$R,Dados!$Z$380,Dados!$O:$O,Dados!$Z$381,Dados!$AA:$AA,'RESUMO MENSAL'!$Q$1) -> 0 | P5: =SUM(C5:N5)-O5 -> 0
A6: 16 | B6: =VLOOKUP(A6,LOCAL,2,0) -> M.GORETTI | C6: =COUNTIFS(Dados!$X:$X,C$1,Dados!$G:$G,$A6,Dados!$R:$R,Dados!$Z$370,Dados!$O:$O,Dados!$Z$381)+COUNTIFS(Dados!$X:$X,C$1,Dados!$G:$G,$A6,Dados!$R:$R,Dados!$Z$371,Dados!$O:$O,Dados!$Z$381)+COUNTIFS(Dados!$X:$X,C$1,Dados!$G:$G,$A6,Dados!$R:$R,Dados!$Z$372,Dados!$O:$O,Dados!$Z$381)+COUNTIFS(Dados!$X:$X,C$1,Dados!$G:$G,$A6,Dados!$R:$R,Dados!$Z$373,Dados!$O:$O,Dados!$Z$381)+COUNTIFS(Dados!$X:$X,C$1,Dados!$G:$G,$A6,Dados!$R:$R,Dados!$Z$374,Dados!$O:$O,Dados!$Z$381)+COUNTIFS(Dados!$X:$X,C$1,Dados!$G:$G,$A6,Dados!$R:$R,Dados!$Z$375,Dados!$O:$O,Dados!$Z$381)+COUNTIFS(Dados!$X:$X,C$1,Dados!$G:$G,$A6,Dados!$R:$R,Dados!$Z$376,Dados!$O:$O,Dados!$Z$381)+COUNTIFS(Dados!$X:$X,C$1,Dados!$G:$G,$A6,Dados!$R:$R,Dados!$Z$377,Dados!$O:$O,Dados!$Z$381)+COUNTIFS(Dados!$X:$X,C$1,Dados!$G:$G,$A6,Dados!$R:$R,Dados!$Z$378,Dados!$O:$O,Dados!$Z$381)+COUNTIFS(Dados!$X:$X,C$1,Dados!$G:$G,$A6,Dados!$R:$R,Dados!$Z$379,Dados!$O:$O,Dados!$Z$381)+COUNTIFS(Dados!$X:$X,C$1,Dados!$G:$G,$A6,Dados!$R:$R,Dados!$Z$380,Dados!$O:$O,Dados!$Z$381) -> 0 | D6: =COUNTIFS(Dados!$X:$X,D$1,Dados!$G:$G,$A6,Dados!$R:$R,Dados!$Z$370,Dados!$O:$O,Dados!$Z$381)+COUNTIFS(Dados!$X:$X,D$1,Dados!$G:$G,$A6,Dados!$R:$R,Dados!$Z$371,Dados!$O:$O,Dados!$Z$381)+COUNTIFS(Dados!$X:$X,D$1,Dados!$G:$G,$A6,Dados!$R:$R,Dados!$Z$372,Dados!$O:$O,Dados!$Z$381)+COUNTIFS(Dados!$X:$X,D$1,Dados!$G:$G,$A6,Dados!$R:$R,Dados!$Z$373,Dados!$O:$O,Dados!$Z$381)+COUNTIFS(Dados!$X:$X,D$1,Dados!$G:$G,$A6,Dados!$R:$R,Dados!$Z$374,Dados!$O:$O,Dados!$Z$381)+COUNTIFS(Dados!$X:$X,D$1,Dados!$G:$G,$A6,Dados!$R:$R,Dados!$Z$375,Dados!$O:$O,Dados!$Z$381)+COUNTIFS(Dados!$X:$X,D$1,Dados!$G:$G,$A6,Dados!$R:$R,Dados!$Z$376,Dados!$O:$O,Dados!$Z$381)+COUNTIFS(Dados!$X:$X,D$1,Dados!$G:$G,$A6,Dados!$R:$R,Dados!$Z$377,Dados!$O:$O,Dados!$Z$381)+COUNTIFS(Dados!$X:$X,D$1,Dados!$G:$G,$A6,Dados!$R:$R,Dados!$Z$378,Dados!$O:$O,Dados!$Z$381)+COUNTIFS(Dados!$X:$X,D$1,Dados!$G:$G,$A6,Dados!$R:$R,Dados!$Z$379,Dados!$O:$O,Dados!$Z$381)+COUNTIFS(Dados!$X:$X,D$1,Dados!$G:$G,$A6,Dados!$R:$R,Dados!$Z$380,Dados!$O:$O,Dados!$Z$381) -> 0 | E6: =COUNTIFS(Dados!$X:$X,E$1,Dados!$G:$G,$A6,Dados!$R:$R,Dados!$Z$370,Dados!$O:$O,Dados!$Z$381)+COUNTIFS(Dados!$X:$X,E$1,Dados!$G:$G,$A6,Dados!$R:$R,Dados!$Z$371,Dados!$O:$O,Dados!$Z$381)+COUNTIFS(Dados!$X:$X,E$1,Dados!$G:$G,$A6,Dados!$R:$R,Dados!$Z$372,Dados!$O:$O,Dados!$Z$381)+COUNTIFS(Dados!$X:$X,E$1,Dados!$G:$G,$A6,Dados!$R:$R,Dados!$Z$373,Dados!$O:$O,Dados!$Z$381)+COUNTIFS(Dados!$X:$X,E$1,Dados!$G:$G,$A6,Dados!$R:$R,Dados!$Z$374,Dados!$O:$O,Dados!$Z$381)+COUNTIFS(Dados!$X:$X,E$1,Dados!$G:$G,$A6,Dados!$R:$R,Dados!$Z$375,Dados!$O:$O,Dados!$Z$381)+COUNTIFS(Dados!$X:$X,E$1,Dados!$G:$G,$A6,Dados!$R:$R,Dados!$Z$376,Dados!$O:$O,Dados!$Z$381)+COUNTIFS(Dados!$X:$X,E$1,Dados!$G:$G,$A6,Dados!$R:$R,Dados!$Z$377,Dados!$O:$O,Dados!$Z$381)+COUNTIFS(Dados!$X:$X,E$1,Dados!$G:$G,$A6,Dados!$R:$R,Dados!$Z$378,Dados!$O:$O,Dados!$Z$381)+COUNTIFS(Dados!$X:$X,E$1,Dados!$G:$G,$A6,Dados!$R:$R,Dados!$Z$379,Dados!$O:$O,Dados!$Z$381)+COUNTIFS(Dados!$X:$X,E$1,Dados!$G:$G,$A6,Dados!$R:$R,Dados!$Z$380,Dados!$O:$O,Dados!$Z$381) -> 0 | F6: =COUNTIFS(Dados!$X:$X,F$1,Dados!$G:$G,$A6,Dados!$R:$R,Dados!$Z$370,Dados!$O:$O,Dados!$Z$381)+COUNTIFS(Dados!$X:$X,F$1,Dados!$G:$G,$A6,Dados!$R:$R,Dados!$Z$371,Dados!$O:$O,Dados!$Z$381)+COUNTIFS(Dados!$X:$X,F$1,Dados!$G:$G,$A6,Dados!$R:$R,Dados!$Z$372,Dados!$O:$O,Dados!$Z$381)+COUNTIFS(Dados!$X:$X,F$1,Dados!$G:$G,$A6,Dados!$R:$R,Dados!$Z$373,Dados!$O:$O,Dados!$Z$381)+COUNTIFS(Dados!$X:$X,F$1,Dados!$G:$G,$A6,Dados!$R:$R,Dados!$Z$374,Dados!$O:$O,Dados!$Z$381)+COUNTIFS(Dados!$X:$X,F$1,Dados!$G:$G,$A6,Dados!$R:$R,Dados!$Z$375,Dados!$O:$O,Dados!$Z$381)+COUNTIFS(Dados!$X:$X,F$1,Dados!$G:$G,$A6,Dados!$R:$R,Dados!$Z$376,Dados!$O:$O,Dados!$Z$381)+COUNTIFS(Dados!$X:$X,F$1,Dados!$G:$G,$A6,Dados!$R:$R,Dados!$Z$377,Dados!$O:$O,Dados!$Z$381)+COUNTIFS(Dados!$X:$X,F$1,Dados!$G:$G,$A6,Dados!$R:$R,Dados!$Z$378,Dados!$O:$O,Dados!$Z$381)+COUNTIFS(Dados!$X:$X,F$1,Dados!$G:$G,$A6,Dados!$R:$R,Dados!$Z$379,Dados!$O:$O,Dados!$Z$381)+COUNTIFS(Dados!$X:$X,F$1,Dados!$G:$G,$A6,Dados!$R:$R,Dados!$Z$380,Dados!$O:$O,Dados!$Z$381) -> 0 | G6: =COUNTIFS(Dados!$X:$X,G$1,Dados!$G:$G,$A6,Dados!$R:$R,Dados!$Z$370,Dados!$O:$O,Dados!$Z$381)+COUNTIFS(Dados!$X:$X,G$1,Dados!$G:$G,$A6,Dados!$R:$R,Dados!$Z$371,Dados!$O:$O,Dados!$Z$381)+COUNTIFS(Dados!$X:$X,G$1,Dados!$G:$G,$A6,Dados!$R:$R,Dados!$Z$372,Dados!$O:$O,Dados!$Z$381)+COUNTIFS(Dados!$X:$X,G$1,Dados!$G:$G,$A6,Dados!$R:$R,Dados!$Z$373,Dados!$O:$O,Dados!$Z$381)+COUNTIFS(Dados!$X:$X,G$1,Dados!$G:$G,$A6,Dados!$R:$R,Dados!$Z$374,Dados!$O:$O,Dados!$Z$381)+COUNTIFS(Dados!$X:$X,G$1,Dados!$G:$G,$A6,Dados!$R:$R,Dados!$Z$375,Dados!$O:$O,Dados!$Z$381)+COUNTIFS(Dados!$X:$X,G$1,Dados!$G:$G,$A6,Dados!$R:$R,Dados!$Z$376,Dados!$O:$O,Dados!$Z$381)+COUNTIFS(Dados!$X:$X,G$1,Dados!$G:$G,$A6,Dados!$R:$R,Dados!$Z$377,Dados!$O:$O,Dados!$Z$381)+COUNTIFS(Dados!$X:$X,G$1,Dados!$G:$G,$A6,Dados!$R:$R,Dados!$Z$378,Dados!$O:$O,Dados!$Z$381)+COUNTIFS(Dados!$X:$X,G$1,Dados!$G:$G,$A6,Dados!$R:$R,Dados!$Z$379,Dados!$O:$O,Dados!$Z$381)+COUNTIFS(Dados!$X:$X,G$1,Dados!$G:$G,$A6,Dados!$R:$R,Dados!$Z$380,Dados!$O:$O,Dados!$Z$381) -> 0 | H6: =COUNTIFS(Dados!$X:$X,H$1,Dados!$G:$G,$A6,Dados!$R:$R,Dados!$Z$370,Dados!$O:$O,Dados!$Z$381)+COUNTIFS(Dados!$X:$X,H$1,Dados!$G:$G,$A6,Dados!$R:$R,Dados!$Z$371,Dados!$O:$O,Dados!$Z$381)+COUNTIFS(Dados!$X:$X,H$1,Dados!$G:$G,$A6,Dados!$R:$R,Dados!$Z$372,Dados!$O:$O,Dados!$Z$381)+COUNTIFS(Dados!$X:$X,H$1,Dados!$G:$G,$A6,Dados!$R:$R,Dados!$Z$373,Dados!$O:$O,Dados!$Z$381)+COUNTIFS(Dados!$X:$X,H$1,Dados!$G:$G,$A6,Dados!$R:$R,Dados!$Z$374,Dados!$O:$O,Dados!$Z$381)+COUNTIFS(Dados!$X:$X,H$1,Dados!$G:$G,$A6,Dados!$R:$R,Dados!$Z$375,Dados!$O:$O,Dados!$Z$381)+COUNTIFS(Dados!$X:$X,H$1,Dados!$G:$G,$A6,Dados!$R:$R,Dados!$Z$376,Dados!$O:$O,Dados!$Z$381)+COUNTIFS(Dados!$X:$X,H$1,Dados!$G:$G,$A6,Dados!$R:$R,Dados!$Z$377,Dados!$O:$O,Dados!$Z$381)+COUNTIFS(Dados!$X:$X,H$1,Dados!$G:$G,$A6,Dados!$R:$R,Dados!$Z$378,Dados!$O:$O,Dados!$Z$381)+COUNTIFS(Dados!$X:$X,H$1,Dados!$G:$G,$A6,Dados!$R:$R,Dados!$Z$379,Dados!$O:$O,Dados!$Z$381)+COUNTIFS(Dados!$X:$X,H$1,Dados!$G:$G,$A6,Dados!$R:$R,Dados!$Z$380,Dados!$O:$O,Dados!$Z$381) -> 0 | I6: =COUNTIFS(Dados!$X:$X,I$1,Dados!$G:$G,$A6,Dados!$R:$R,Dados!$Z$370,Dados!$O:$O,Dados!$Z$381)+COUNTIFS(Dados!$X:$X,I$1,Dados!$G:$G,$A6,Dados!$R:$R,Dados!$Z$371,Dados!$O:$O,Dados!$Z$381)+COUNTIFS(Dados!$X:$X,I$1,Dados!$G:$G,$A6,Dados!$R:$R,Dados!$Z$372,Dados!$O:$O,Dados!$Z$381)+COUNTIFS(Dados!$X:$X,I$1,Dados!$G:$G,$A6,Dados!$R:$R,Dados!$Z$373,Dados!$O:$O,Dados!$Z$381)+COUNTIFS(Dados!$X:$X,I$1,Dados!$G:$G,$A6,Dados!$R:$R,Dados!$Z$374,Dados!$O:$O,Dados!$Z$381)+COUNTIFS(Dados!$X:$X,I$1,Dados!$G:$G,$A6,Dados!$R:$R,Dados!$Z$375,Dados!$O:$O,Dados!$Z$381)+COUNTIFS(Dados!$X:$X,I$1,Dados!$G:$G,$A6,Dados!$R:$R,Dados!$Z$376,Dados!$O:$O,Dados!$Z$381)+COUNTIFS(Dados!$X:$X,I$1,Dados!$G:$G,$A6,Dados!$R:$R,Dados!$Z$377,Dados!$O:$O,Dados!$Z$381)+COUNTIFS(Dados!$X:$X,I$1,Dados!$G:$G,$A6,Dados!$R:$R,Dados!$Z$378,Dados!$O:$O,Dados!$Z$381)+COUNTIFS(Dados!$X:$X,I$1,Dados!$G:$G,$A6,Dados!$R:$R,Dados!$Z$379,Dados!$O:$O,Dados!$Z$381)+COUNTIFS(Dados!$X:$X,I$1,Dados!$G:$G,$A6,Dados!$R:$R,Dados!$Z$380,Dados!$O:$O,Dados!$Z$381) -> 0 | J6: =COUNTIFS(Dados!$X:$X,J$1,Dados!$G:$G,$A6,Dados!$R:$R,Dados!$Z$370,Dados!$O:$O,Dados!$Z$381)+COUNTIFS(Dados!$X:$X,J$1,Dados!$G:$G,$A6,Dados!$R:$R,Dados!$Z$371,Dados!$O:$O,Dados!$Z$381)+COUNTIFS(Dados!$X:$X,J$1,Dados!$G:$G,$A6,Dados!$R:$R,Dados!$Z$372,Dados!$O:$O,Dados!$Z$381)+COUNTIFS(Dados!$X:$X,J$1,Dados!$G:$G,$A6,Dados!$R:$R,Dados!$Z$373,Dados!$O:$O,Dados!$Z$381)+COUNTIFS(Dados!$X:$X,J$1,Dados!$G:$G,$A6,Dados!$R:$R,Dados!$Z$374,Dados!$O:$O,Dados!$Z$381)+COUNTIFS(Dados!$X:$X,J$1,Dados!$G:$G,$A6,Dados!$R:$R,Dados!$Z$375,Dados!$O:$O,Dados!$Z$381)+COUNTIFS(Dados!$X:$X,J$1,Dados!$G:$G,$A6,Dados!$R:$R,Dados!$Z$376,Dados!$O:$O,Dados!$Z$381)+COUNTIFS(Dados!$X:$X,J$1,Dados!$G:$G,$A6,Dados!$R:$R,Dados!$Z$377,Dados!$O:$O,Dados!$Z$381)+COUNTIFS(Dados!$X:$X,J$1,Dados!$G:$G,$A6,Dados!$R:$R,Dados!$Z$378,Dados!$O:$O,Dados!$Z$381)+COUNTIFS(Dados!$X:$X,J$1,Dados!$G:$G,$A6,Dados!$R:$R,Dados!$Z$379,Dados!$O:$O,Dados!$Z$381)+COUNTIFS(Dados!$X:$X,J$1,Dados!$G:$G,$A6,Dados!$R:$R,Dados!$Z$380,Dados!$O:$O,Dados!$Z$381) -> 0 | ... N6: =COUNTIFS(Dados!$X:$X,N$1,Dados!$G:$G,$A6,Dados!$R:$R,Dados!$Z$370,Dados!$O:$O,Dados!$Z$381)+COUNTIFS(Dados!$X:$X,N$1,Dados!$G:$G,$A6,Dados!$R:$R,Dados!$Z$371,Dados!$O:$O,Dados!$Z$381)+COUNTIFS(Dados!$X:$X,N$1,Dados!$G:$G,$A6,Dados!$R:$R,Dados!$Z$372,Dados!$O:$O,Dados!$Z$381)+COUNTIFS(Dados!$X:$X,N$1,Dados!$G:$G,$A6,Dados!$R:$R,Dados!$Z$373,Dados!$O:$O,Dados!$Z$381)+COUNTIFS(Dados!$X:$X,N$1,Dados!$G:$G,$A6,Dados!$R:$R,Dados!$Z$374,Dados!$O:$O,Dados!$Z$381)+COUNTIFS(Dados!$X:$X,N$1,Dados!$G:$G,$A6,Dados!$R:$R,Dados!$Z$375,Dados!$O:$O,Dados!$Z$381)+COUNTIFS(Dados!$X:$X,N$1,Dados!$G:$G,$A6,Dados!$R:$R,Dados!$Z$376,Dados!$O:$O,Dados!$Z$381)+COUNTIFS(Dados!$X:$X,N$1,Dados!$G:$G,$A6,Dados!$R:$R,Dados!$Z$377,Dados!$O:$O,Dados!$Z$381)+COUNTIFS(Dados!$X:$X,N$1,Dados!$G:$G,$A6,Dados!$R:$R,Dados!$Z$378,Dados!$O:$O,Dados!$Z$381)+COUNTIFS(Dados!$X:$X,N$1,Dados!$G:$G,$A6,Dados!$R:$R,Dados!$Z$379,Dados!$O:$O,Dados!$Z$381)+COUNTIFS(Dados!$X:$X,N$1,Dados!$G:$G,$A6,Dados!$R:$R,Dados!$Z$380,Dados!$O:$O,Dados!$Z$381) -> 0 | O6: =COUNTIFS(Dados!$X:$X,P$1,Dados!$G:$G,$A6,Dados!$R:$R,Dados!$Z$370,Dados!$O:$O,Dados!$Z$381,Dados!$AA:$AA,'RESUMO MENSAL'!$Q$1)+ COUNTIFS(Dados!$X:$X,P$1,Dados!$G:$G,$A6,Dados!$R:$R,Dados!$Z$371,Dados!$O:$O,Dados!$Z$381,Dados!$AA:$AA,'RESUMO MENSAL'!$Q$1)+ COUNTIFS(Dados!$X:$X,P$1,Dados!$G:$G,$A6,Dados!$R:$R,Dados!$Z$372,Dados!$O:$O,Dados!$Z$381,Dados!$AA:$AA,'RESUMO MENSAL'!$Q$1)+ COUNTIFS(Dados!$X:$X,P$1,Dados!$G:$G,$A6,Dados!$R:$R,Dados!$Z$373,Dados!$O:$O,Dados!$Z$381,Dados!$AA:$AA,'RESUMO MENSAL'!$Q$1)+ COUNTIFS(Dados!$X:$X,P$1,Dados!$G:$G,$A6,Dados!$R:$R,Dados!$Z$374,Dados!$O:$O,Dados!$Z$381,Dados!$AA:$AA,'RESUMO MENSAL'!$Q$1)+ COUNTIFS(Dados!$X:$X,P$1,Dados!$G:$G,$A6,Dados!$R:$R,Dados!$Z$375,Dados!$O:$O,Dados!$Z$381,Dados!$AA:$AA,'RESUMO MENSAL'!$Q$1)+ COUNTIFS(Dados!$X:$X,P$1,Dados!$G:$G,$A6,Dados!$R:$R,Dados!$Z$376,Dados!$O:$O,Dados!$Z$381,Dados!$AA:$AA,'RESUMO MENSAL'!$Q$1)+ COUNTIFS(Dados!$X:$X,P$1,Dados!$G:$G,$A6,Dados!$R:$R,Dados!$Z$377,Dados!$O:$O,Dados!$Z$381,Dados!$AA:$AA,'RESUMO MENSAL'!$Q$1)+ COUNTIFS(Dados!$X:$X,P$1,Dados!$G:$G,$A6,Dados!$R:$R,Dados!$Z$378,Dados!$O:$O,Dados!$Z$381,Dados!$AA:$AA,'RESUMO MENSAL'!$Q$1)+ COUNTIFS(Dados!$X:$X,P$1,Dados!$G:$G,$A6,Dados!$R:$R,Dados!$Z$379,Dados!$O:$O,Dados!$Z$381,Dados!$AA:$AA,'RESUMO MENSAL'!$Q$1)+ COUNTIFS(Dados!$X:$X,P$1,Dados!$G:$G,$A6,Dados!$R:$R,Dados!$Z$380,Dados!$O:$O,Dados!$Z$381,Dados!$AA:$AA,'RESUMO MENSAL'!$Q$1) -> 0 | P6: =SUM(C6:N6)-O6 -> 0
A7: 520 | B7: =VLOOKUP(A7,LOCAL,2,0) -> NEVES | C7: =COUNTIFS(Dados!$X:$X,C$1,Dados!$G:$G,$A7,Dados!$R:$R,Dados!$Z$370,Dados!$O:$O,Dados!$Z$381)+COUNTIFS(Dados!$X:$X,C$1,Dados!$G:$G,$A7,Dados!$R:$R,Dados!$Z$371,Dados!$O:$O,Dados!$Z$381)+COUNTIFS(Dados!$X:$X,C$1,Dados!$G:$G,$A7,Dados!$R:$R,Dados!$Z$372,Dados!$O:$O,Dados!$Z$381)+COUNTIFS(Dados!$X:$X,C$1,Dados!$G:$G,$A7,Dados!$R:$R,Dados!$Z$373,Dados!$O:$O,Dados!$Z$381)+COUNTIFS(Dados!$X:$X,C$1,Dados!$G:$G,$A7,Dados!$R:$R,Dados!$Z$374,Dados!$O:$O,Dados!$Z$381)+COUNTIFS(Dados!$X:$X,C$1,Dados!$G:$G,$A7,Dados!$R:$R,Dados!$Z$375,Dados!$O:$O,Dados!$Z$381)+COUNTIFS(Dados!$X:$X,C$1,Dados!$G:$G,$A7,Dados!$R:$R,Dados!$Z$376,Dados!$O:$O,Dados!$Z$381)+COUNTIFS(Dados!$X:$X,C$1,Dados!$G:$G,$A7,Dados!$R:$R,Dados!$Z$377,Dados!$O:$O,Dados!$Z$381)+COUNTIFS(Dados!$X:$X,C$1,Dados!$G:$G,$A7,Dados!$R:$R,Dados!$Z$378,Dados!$O:$O,Dados!$Z$381)+COUNTIFS(Dados!$X:$X,C$1,Dados!$G:$G,$A7,Dados!$R:$R,Dados!$Z$379,Dados!$O:$O,Dados!$Z$381)+COUNTIFS(Dados!$X:$X,C$1,Dados!$G:$G,$A7,Dados!$R:$R,Dados!$Z$380,Dados!$O:$O,Dados!$Z$381) -> 0 | D7: =COUNTIFS(Dados!$X:$X,D$1,Dados!$G:$G,$A7,Dados!$R:$R,Dados!$Z$370,Dados!$O:$O,Dados!$Z$381)+COUNTIFS(Dados!$X:$X,D$1,Dados!$G:$G,$A7,Dados!$R:$R,Dados!$Z$371,Dados!$O:$O,Dados!$Z$381)+COUNTIFS(Dados!$X:$X,D$1,Dados!$G:$G,$A7,Dados!$R:$R,Dados!$Z$372,Dados!$O:$O,Dados!$Z$381)+COUNTIFS(Dados!$X:$X,D$1,Dados!$G:$G,$A7,Dados!$R:$R,Dados!$Z$373,Dados!$O:$O,Dados!$Z$381)+COUNTIFS(Dados!$X:$X,D$1,Dados!$G:$G,$A7,Dados!$R:$R,Dados!$Z$374,Dados!$O:$O,Dados!$Z$381)+COUNTIFS(Dados!$X:$X,D$1,Dados!$G:$G,$A7,Dados!$R:$R,Dados!$Z$375,Dados!$O:$O,Dados!$Z$381)+COUNTIFS(Dados!$X:$X,D$1,Dados!$G:$G,$A7,Dados!$R:$R,Dados!$Z$376,Dados!$O:$O,Dados!$Z$381)+COUNTIFS(Dados!$X:$X,D$1,Dados!$G:$G,$A7,Dados!$R:$R,Dados!$Z$377,Dados!$O:$O,Dados!$Z$381)+COUNTIFS(Dados!$X:$X,D$1,Dados!$G:$G,$A7,Dados!$R:$R,Dados!$Z$378,Dados!$O:$O,Dados!$Z$381)+COUNTIFS(Dados!$X:$X,D$1,Dados!$G:$G,$A7,Dados!$R:$R,Dados!$Z$379,Dados!$O:$O,Dados!$Z$381)+COUNTIFS(Dados!$X:$X,D$1,Dados!$G:$G,$A7,Dados!$R:$R,Dados!$Z$380,Dados!$O:$O,Dados!$Z$381) -> 0 | E7: =COUNTIFS(Dados!$X:$X,E$1,Dados!$G:$G,$A7,Dados!$R:$R,Dados!$Z$370,Dados!$O:$O,Dados!$Z$381)+COUNTIFS(Dados!$X:$X,E$1,Dados!$G:$G,$A7,Dados!$R:$R,Dados!$Z$371,Dados!$O:$O,Dados!$Z$381)+COUNTIFS(Dados!$X:$X,E$1,Dados!$G:$G,$A7,Dados!$R:$R,Dados!$Z$372,Dados!$O:$O,Dados!$Z$381)+COUNTIFS(Dados!$X:$X,E$1,Dados!$G:$G,$A7,Dados!$R:$R,Dados!$Z$373,Dados!$O:$O,Dados!$Z$381)+COUNTIFS(Dados!$X:$X,E$1,Dados!$G:$G,$A7,Dados!$R:$R,Dados!$Z$374,Dados!$O:$O,Dados!$Z$381)+COUNTIFS(Dados!$X:$X,E$1,Dados!$G:$G,$A7,Dados!$R:$R,Dados!$Z$375,Dados!$O:$O,Dados!$Z$381)+COUNTIFS(Dados!$X:$X,E$1,Dados!$G:$G,$A7,Dados!$R:$R,Dados!$Z$376,Dados!$O:$O,Dados!$Z$381)+COUNTIFS(Dados!$X:$X,E$1,Dados!$G:$G,$A7,Dados!$R:$R,Dados!$Z$377,Dados!$O:$O,Dados!$Z$381)+COUNTIFS(Dados!$X:$X,E$1,Dados!$G:$G,$A7,Dados!$R:$R,Dados!$Z$378,Dados!$O:$O,Dados!$Z$381)+COUNTIFS(Dados!$X:$X,E$1,Dados!$G:$G,$A7,Dados!$R:$R,Dados!$Z$379,Dados!$O:$O,Dados!$Z$381)+COUNTIFS(Dados!$X:$X,E$1,Dados!$G:$G,$A7,Dados!$R:$R,Dados!$Z$380,Dados!$O:$O,Dados!$Z$381) -> 0 | F7: =COUNTIFS(Dados!$X:$X,F$1,Dados!$G:$G,$A7,Dados!$R:$R,Dados!$Z$370,Dados!$O:$O,Dados!$Z$381)+COUNTIFS(Dados!$X:$X,F$1,Dados!$G:$G,$A7,Dados!$R:$R,Dados!$Z$371,Dados!$O:$O,Dados!$Z$381)+COUNTIFS(Dados!$X:$X,F$1,Dados!$G:$G,$A7,Dados!$R:$R,Dados!$Z$372,Dados!$O:$O,Dados!$Z$381)+COUNTIFS(Dados!$X:$X,F$1,Dados!$G:$G,$A7,Dados!$R:$R,Dados!$Z$373,Dados!$O:$O,Dados!$Z$381)+COUNTIFS(Dados!$X:$X,F$1,Dados!$G:$G,$A7,Dados!$R:$R,Dados!$Z$374,Dados!$O:$O,Dados!$Z$381)+COUNTIFS(Dados!$X:$X,F$1,Dados!$G:$G,$A7,Dados!$R:$R,Dados!$Z$375,Dados!$O:$O,Dados!$Z$381)+COUNTIFS(Dados!$X:$X,F$1,Dados!$G:$G,$A7,Dados!$R:$R,Dados!$Z$376,Dados!$O:$O,Dados!$Z$381)+COUNTIFS(Dados!$X:$X,F$1,Dados!$G:$G,$A7,Dados!$R:$R,Dados!$Z$377,Dados!$O:$O,Dados!$Z$381)+COUNTIFS(Dados!$X:$X,F$1,Dados!$G:$G,$A7,Dados!$R:$R,Dados!$Z$378,Dados!$O:$O,Dados!$Z$381)+COUNTIFS(Dados!$X:$X,F$1,Dados!$G:$G,$A7,Dados!$R:$R,Dados!$Z$379,Dados!$O:$O,Dados!$Z$381)+COUNTIFS(Dados!$X:$X,F$1,Dados!$G:$G,$A7,Dados!$R:$R,Dados!$Z$380,Dados!$O:$O,Dados!$Z$381) -> 0 | G7: =COUNTIFS(Dados!$X:$X,G$1,Dados!$G:$G,$A7,Dados!$R:$R,Dados!$Z$370,Dados!$O:$O,Dados!$Z$381)+COUNTIFS(Dados!$X:$X,G$1,Dados!$G:$G,$A7,Dados!$R:$R,Dados!$Z$371,Dados!$O:$O,Dados!$Z$381)+COUNTIFS(Dados!$X:$X,G$1,Dados!$G:$G,$A7,Dados!$R:$R,Dados!$Z$372,Dados!$O:$O,Dados!$Z$381)+COUNTIFS(Dados!$X:$X,G$1,Dados!$G:$G,$A7,Dados!$R:$R,Dados!$Z$373,Dados!$O:$O,Dados!$Z$381)+COUNTIFS(Dados!$X:$X,G$1,Dados!$G:$G,$A7,Dados!$R:$R,Dados!$Z$374,Dados!$O:$O,Dados!$Z$381)+COUNTIFS(Dados!$X:$X,G$1,Dados!$G:$G,$A7,Dados!$R:$R,Dados!$Z$375,Dados!$O:$O,Dados!$Z$381)+COUNTIFS(Dados!$X:$X,G$1,Dados!$G:$G,$A7,Dados!$R:$R,Dados!$Z$376,Dados!$O:$O,Dados!$Z$381)+COUNTIFS(Dados!$X:$X,G$1,Dados!$G:$G,$A7,Dados!$R:$R,Dados!$Z$377,Dados!$O:$O,Dados!$Z$381)+COUNTIFS(Dados!$X:$X,G$1,Dados!$G:$G,$A7,Dados!$R:$R,Dados!$Z$378,Dados!$O:$O,Dados!$Z$381)+COUNTIFS(Dados!$X:$X,G$1,Dados!$G:$G,$A7,Dados!$R:$R,Dados!$Z$379,Dados!$O:$O,Dados!$Z$381)+COUNTIFS(Dados!$X:$X,G$1,Dados!$G:$G,$A7,Dados!$R:$R,Dados!$Z$380,Dados!$O:$O,Dados!$Z$381) -> 1 | H7: =COUNTIFS(Dados!$X:$X,H$1,Dados!$G:$G,$A7,Dados!$R:$R,Dados!$Z$370,Dados!$O:$O,Dados!$Z$381)+COUNTIFS(Dados!$X:$X,H$1,Dados!$G:$G,$A7,Dados!$R:$R,Dados!$Z$371,Dados!$O:$O,Dados!$Z$381)+COUNTIFS(Dados!$X:$X,H$1,Dados!$G:$G,$A7,Dados!$R:$R,Dados!$Z$372,Dados!$O:$O,Dados!$Z$381)+COUNTIFS(Dados!$X:$X,H$1,Dados!$G:$G,$A7,Dados!$R:$R,Dados!$Z$373,Dados!$O:$O,Dados!$Z$381)+COUNTIFS(Dados!$X:$X,H$1,Dados!$G:$G,$A7,Dados!$R:$R,Dados!$Z$374,Dados!$O:$O,Dados!$Z$381)+COUNTIFS(Dados!$X:$X,H$1,Dados!$G:$G,$A7,Dados!$R:$R,Dados!$Z$375,Dados!$O:$O,Dados!$Z$381)+COUNTIFS(Dados!$X:$X,H$1,Dados!$G:$G,$A7,Dados!$R:$R,Dados!$Z$376,Dados!$O:$O,Dados!$Z$381)+COUNTIFS(Dados!$X:$X,H$1,Dados!$G:$G,$A7,Dados!$R:$R,Dados!$Z$377,Dados!$O:$O,Dados!$Z$381)+COUNTIFS(Dados!$X:$X,H$1,Dados!$G:$G,$A7,Dados!$R:$R,Dados!$Z$378,Dados!$O:$O,Dados!$Z$381)+COUNTIFS(Dados!$X:$X,H$1,Dados!$G:$G,$A7,Dados!$R:$R,Dados!$Z$379,Dados!$O:$O,Dados!$Z$381)+COUNTIFS(Dados!$X:$X,H$1,Dados!$G:$G,$A7,Dados!$R:$R,Dados!$Z$380,Dados!$O:$O,Dados!$Z$381) -> 0 | I7: =COUNTIFS(Dados!$X:$X,I$1,Dados!$G:$G,$A7,Dados!$R:$R,Dados!$Z$370,Dados!$O:$O,Dados!$Z$381)+COUNTIFS(Dados!$X:$X,I$1,Dados!$G:$G,$A7,Dados!$R:$R,Dados!$Z$371,Dados!$O:$O,Dados!$Z$381)+COUNTIFS(Dados!$X:$X,I$1,Dados!$G:$G,$A7,Dados!$R:$R,Dados!$Z$372,Dados!$O:$O,Dados!$Z$381)+COUNTIFS(Dados!$X:$X,I$1,Dados!$G:$G,$A7,Dados!$R:$R,Dados!$Z$373,Dados!$O:$O,Dados!$Z$381)+COUNTIFS(Dados!$X:$X,I$1,Dados!$G:$G,$A7,Dados!$R:$R,Dados!$Z$374,Dados!$O:$O,Dados!$Z$381)+COUNTIFS(Dados!$X:$X,I$1,Dados!$G:$G,$A7,Dados!$R:$R,Dados!$Z$375,Dados!$O:$O,Dados!$Z$381)+COUNTIFS(Dados!$X:$X,I$1,Dados!$G:$G,$A7,Dados!$R:$R,Dados!$Z$376,Dados!$O:$O,Dados!$Z$381)+COUNTIFS(Dados!$X:$X,I$1,Dados!$G:$G,$A7,Dados!$R:$R,Dados!$Z$377,Dados!$O:$O,Dados!$Z$381)+COUNTIFS(Dados!$X:$X,I$1,Dados!$G:$G,$A7,Dados!$R:$R,Dados!$Z$378,Dados!$O:$O,Dados!$Z$381)+COUNTIFS(Dados!$X:$X,I$1,Dados!$G:$G,$A7,Dados!$R:$R,Dados!$Z$379,Dados!$O:$O,Dados!$Z$381)+COUNTIFS(Dados!$X:$X,I$1,Dados!$G:$G,$A7,Dados!$R:$R,Dados!$Z$380,Dados!$O:$O,Dados!$Z$381) -> 0 | J7: =COUNTIFS(Dados!$X:$X,J$1,Dados!$G:$G,$A7,Dados!$R:$R,Dados!$Z$370,Dados!$O:$O,Dados!$Z$381)+COUNTIFS(Dados!$X:$X,J$1,Dados!$G:$G,$A7,Dados!$R:$R,Dados!$Z$371,Dados!$O:$O,Dados!$Z$381)+COUNTIFS(Dados!$X:$X,J$1,Dados!$G:$G,$A7,Dados!$R:$R,Dados!$Z$372,Dados!$O:$O,Dados!$Z$381)+COUNTIFS(Dados!$X:$X,J$1,Dados!$G:$G,$A7,Dados!$R:$R,Dados!$Z$373,Dados!$O:$O,Dados!$Z$381)+COUNTIFS(Dados!$X:$X,J$1,Dados!$G:$G,$A7,Dados!$R:$R,Dados!$Z$374,Dados!$O:$O,Dados!$Z$381)+COUNTIFS(Dados!$X:$X,J$1,Dados!$G:$G,$A7,Dados!$R:$R,Dados!$Z$375,Dados!$O:$O,Dados!$Z$381)+COUNTIFS(Dados!$X:$X,J$1,Dados!$G:$G,$A7,Dados!$R:$R,Dados!$Z$376,Dados!$O:$O,Dados!$Z$381)+COUNTIFS(Dados!$X:$X,J$1,Dados!$G:$G,$A7,Dados!$R:$R,Dados!$Z$377,Dados!$O:$O,Dados!$Z$381)+COUNTIFS(Dados!$X:$X,J$1,Dados!$G:$G,$A7,Dados!$R:$R,Dados!$Z$378,Dados!$O:$O,Dados!$Z$381)+COUNTIFS(Dados!$X:$X,J$1,Dados!$G:$G,$A7,Dados!$R:$R,Dados!$Z$379,Dados!$O:$O,Dados!$Z$381)+COUNTIFS(Dados!$X:$X,J$1,Dados!$G:$G,$A7,Dados!$R:$R,Dados!$Z$380,Dados!$O:$O,Dados!$Z$381) -> 0 | ... N7: =COUNTIFS(Dados!$X:$X,N$1,Dados!$G:$G,$A7,Dados!$R:$R,Dados!$Z$370,Dados!$O:$O,Dados!$Z$381)+COUNTIFS(Dados!$X:$X,N$1,Dados!$G:$G,$A7,Dados!$R:$R,Dados!$Z$371,Dados!$O:$O,Dados!$Z$381)+COUNTIFS(Dados!$X:$X,N$1,Dados!$G:$G,$A7,Dados!$R:$R,Dados!$Z$372,Dados!$O:$O,Dados!$Z$381)+COUNTIFS(Dados!$X:$X,N$1,Dados!$G:$G,$A7,Dados!$R:$R,Dados!$Z$373,Dados!$O:$O,Dados!$Z$381)+COUNTIFS(Dados!$X:$X,N$1,Dados!$G:$G,$A7,Dados!$R:$R,Dados!$Z$374,Dados!$O:$O,Dados!$Z$381)+COUNTIFS(Dados!$X:$X,N$1,Dados!$G:$G,$A7,Dados!$R:$R,Dados!$Z$375,Dados!$O:$O,Dados!$Z$381)+COUNTIFS(Dados!$X:$X,N$1,Dados!$G:$G,$A7,Dados!$R:$R,Dados!$Z$376,Dados!$O:$O,Dados!$Z$381)+COUNTIFS(Dados!$X:$X,N$1,Dados!$G:$G,$A7,Dados!$R:$R,Dados!$Z$377,Dados!$O:$O,Dados!$Z$381)+COUNTIFS(Dados!$X:$X,N$1,Dados!$G:$G,$A7,Dados!$R:$R,Dados!$Z$378,Dados!$O:$O,Dados!$Z$381)+COUNTIFS(Dados!$X:$X,N$1,Dados!$G:$G,$A7,Dados!$R:$R,Dados!$Z$379,Dados!$O:$O,Dados!$Z$381)+COUNTIFS(Dados!$X:$X,N$1,Dados!$G:$G,$A7,Dados!$R:$R,Dados!$Z$380,Dados!$O:$O,Dados!$Z$381) -> 0 | O7: =COUNTIFS(Dados!$X:$X,P$1,Dados!$G:$G,$A7,Dados!$R:$R,Dados!$Z$370,Dados!$O:$O,Dados!$Z$381,Dados!$AA:$AA,'RESUMO MENSAL'!$Q$1)+ COUNTIFS(Dados!$X:$X,P$1,Dados!$G:$G,$A7,Dados!$R:$R,Dados!$Z$371,Dados!$O:$O,Dados!$Z$381,Dados!$AA:$AA,'RESUMO MENSAL'!$Q$1)+ COUNTIFS(Dados!$X:$X,P$1,Dados!$G:$G,$A7,Dados!$R:$R,Dados!$Z$372,Dados!$O:$O,Dados!$Z$381,Dados!$AA:$AA,'RESUMO MENSAL'!$Q$1)+ COUNTIFS(Dados!$X:$X,P$1,Dados!$G:$G,$A7,Dados!$R:$R,Dados!$Z$373,Dados!$O:$O,Dados!$Z$381,Dados!$AA:$AA,'RESUMO MENSAL'!$Q$1)+ COUNTIFS(Dados!$X:$X,P$1,Dados!$G:$G,$A7,Dados!$R:$R,Dados!$Z$374,Dados!$O:$O,Dados!$Z$381,Dados!$AA:$AA,'RESUMO MENSAL'!$Q$1)+ COUNTIFS(Dados!$X:$X,P$1,Dados!$G:$G,$A7,Dados!$R:$R,Dados!$Z$375,Dados!$O:$O,Dados!$Z$381,Dados!$AA:$AA,'RESUMO MENSAL'!$Q$1)+ COUNTIFS(Dados!$X:$X,P$1,Dados!$G:$G,$A7,Dados!$R:$R,Dados!$Z$376,Dados!$O:$O,Dados!$Z$381,Dados!$AA:$AA,'RESUMO MENSAL'!$Q$1)+ COUNTIFS(Dados!$X:$X,P$1,Dados!$G:$G,$A7,Dados!$R:$R,Dados!$Z$377,Dados!$O:$O,Dados!$Z$381,Dados!$AA:$AA,'RESUMO MENSAL'!$Q$1)+ COUNTIFS(Dados!$X:$X,P$1,Dados!$G:$G,$A7,Dados!$R:$R,Dados!$Z$378,Dados!$O:$O,Dados!$Z$381,Dados!$AA:$AA,'RESUMO MENSAL'!$Q$1)+ COUNTIFS(Dados!$X:$X,P$1,Dados!$G:$G,$A7,Dados!$R:$R,Dados!$Z$379,Dados!$O:$O,Dados!$Z$381,Dados!$AA:$AA,'RESUMO MENSAL'!$Q$1)+ COUNTIFS(Dados!$X:$X,P$1,Dados!$G:$G,$A7,Dados!$R:$R,Dados!$Z$380,Dados!$O:$O,Dados!$Z$381,Dados!$AA:$AA,'RESUMO MENSAL'!$Q$1) -> 0 | P7: =SUM(C7:N7)-O7 -> 1
A8: 61 | B8: =VLOOKUP(A8,LOCAL,2,0) -> SARZEDO | C8: =COUNTIFS(Dados!$X:$X,C$1,Dados!$G:$G,$A8,Dados!$R:$R,Dados!$Z$370,Dados!$O:$O,Dados!$Z$381)+COUNTIFS(Dados!$X:$X,C$1,Dados!$G:$G,$A8,Dados!$R:$R,Dados!$Z$371,Dados!$O:$O,Dados!$Z$381)+COUNTIFS(Dados!$X:$X,C$1,Dados!$G:$G,$A8,Dados!$R:$R,Dados!$Z$372,Dados!$O:$O,Dados!$Z$381)+COUNTIFS(Dados!$X:$X,C$1,Dados!$G:$G,$A8,Dados!$R:$R,Dados!$Z$373,Dados!$O:$O,Dados!$Z$381)+COUNTIFS(Dados!$X:$X,C$1,Dados!$G:$G,$A8,Dados!$R:$R,Dados!$Z$374,Dados!$O:$O,Dados!$Z$381)+COUNTIFS(Dados!$X:$X,C$1,Dados!$G:$G,$A8,Dados!$R:$R,Dados!$Z$375,Dados!$O:$O,Dados!$Z$381)+COUNTIFS(Dados!$X:$X,C$1,Dados!$G:$G,$A8,Dados!$R:$R,Dados!$Z$376,Dados!$O:$O,Dados!$Z$381)+COUNTIFS(Dados!$X:$X,C$1,Dados!$G:$G,$A8,Dados!$R:$R,Dados!$Z$377,Dados!$O:$O,Dados!$Z$381)+COUNTIFS(Dados!$X:$X,C$1,Dados!$G:$G,$A8,Dados!$R:$R,Dados!$Z$378,Dados!$O:$O,Dados!$Z$381)+COUNTIFS(Dados!$X:$X,C$1,Dados!$G:$G,$A8,Dados!$R:$R,Dados!$Z$379,Dados!$O:$O,Dados!$Z$381)+COUNTIFS(Dados!$X:$X,C$1,Dados!$G:$G,$A8,Dados!$R:$R,Dados!$Z$380,Dados!$O:$O,Dados!$Z$381) -> 0 | D8: =COUNTIFS(Dados!$X:$X,D$1,Dados!$G:$G,$A8,Dados!$R:$R,Dados!$Z$370,Dados!$O:$O,Dados!$Z$381)+COUNTIFS(Dados!$X:$X,D$1,Dados!$G:$G,$A8,Dados!$R:$R,Dados!$Z$371,Dados!$O:$O,Dados!$Z$381)+COUNTIFS(Dados!$X:$X,D$1,Dados!$G:$G,$A8,Dados!$R:$R,Dados!$Z$372,Dados!$O:$O,Dados!$Z$381)+COUNTIFS(Dados!$X:$X,D$1,Dados!$G:$G,$A8,Dados!$R:$R,Dados!$Z$373,Dados!$O:$O,Dados!$Z$381)+COUNTIFS(Dados!$X:$X,D$1,Dados!$G:$G,$A8,Dados!$R:$R,Dados!$Z$374,Dados!$O:$O,Dados!$Z$381)+COUNTIFS(Dados!$X:$X,D$1,Dados!$G:$G,$A8,Dados!$R:$R,Dados!$Z$375,Dados!$O:$O,Dados!$Z$381)+COUNTIFS(Dados!$X:$X,D$1,Dados!$G:$G,$A8,Dados!$R:$R,Dados!$Z$376,Dados!$O:$O,Dados!$Z$381)+COUNTIFS(Dados!$X:$X,D$1,Dados!$G:$G,$A8,Dados!$R:$R,Dados!$Z$377,Dados!$O:$O,Dados!$Z$381)+COUNTIFS(Dados!$X:$X,D$1,Dados!$G:$G,$A8,Dados!$R:$R,Dados!$Z$378,Dados!$O:$O,Dados!$Z$381)+COUNTIFS(Dados!$X:$X,D$1,Dados!$G:$G,$A8,Dados!$R:$R,Dados!$Z$379,Dados!$O:$O,Dados!$Z$381)+COUNTIFS(Dados!$X:$X,D$1,Dados!$G:$G,$A8,Dados!$R:$R,Dados!$Z$380,Dados!$O:$O,Dados!$Z$381) -> 0 | E8: =COUNTIFS(Dados!$X:$X,E$1,Dados!$G:$G,$A8,Dados!$R:$R,Dados!$Z$370,Dados!$O:$O,Dados!$Z$381)+COUNTIFS(Dados!$X:$X,E$1,Dados!$G:$G,$A8,Dados!$R:$R,Dados!$Z$371,Dados!$O:$O,Dados!$Z$381)+COUNTIFS(Dados!$X:$X,E$1,Dados!$G:$G,$A8,Dados!$R:$R,Dados!$Z$372,Dados!$O:$O,Dados!$Z$381)+COUNTIFS(Dados!$X:$X,E$1,Dados!$G:$G,$A8,Dados!$R:$R,Dados!$Z$373,Dados!$O:$O,Dados!$Z$381)+COUNTIFS(Dados!$X:$X,E$1,Dados!$G:$G,$A8,Dados!$R:$R,Dados!$Z$374,Dados!$O:$O,Dados!$Z$381)+COUNTIFS(Dados!$X:$X,E$1,Dados!$G:$G,$A8,Dados!$R:$R,Dados!$Z$375,Dados!$O:$O,Dados!$Z$381)+COUNTIFS(Dados!$X:$X,E$1,Dados!$G:$G,$A8,Dados!$R:$R,Dados!$Z$376,Dados!$O:$O,Dados!$Z$381)+COUNTIFS(Dados!$X:$X,E$1,Dados!$G:$G,$A8,Dados!$R:$R,Dados!$Z$377,Dados!$O:$O,Dados!$Z$381)+COUNTIFS(Dados!$X:$X,E$1,Dados!$G:$G,$A8,Dados!$R:$R,Dados!$Z$378,Dados!$O:$O,Dados!$Z$381)+COUNTIFS(Dados!$X:$X,E$1,Dados!$G:$G,$A8,Dados!$R:$R,Dados!$Z$379,Dados!$O:$O,Dados!$Z$381)+COUNTIFS(Dados!$X:$X,E$1,Dados!$G:$G,$A8,Dados!$R:$R,Dados!$Z$380,Dados!$O:$O,Dados!$Z$381) -> 0 | F8: =COUNTIFS(Dados!$X:$X,F$1,Dados!$G:$G,$A8,Dados!$R:$R,Dados!$Z$370,Dados!$O:$O,Dados!$Z$381)+COUNTIFS(Dados!$X:$X,F$1,Dados!$G:$G,$A8,Dados!$R:$R,Dados!$Z$371,Dados!$O:$O,Dados!$Z$381)+COUNTIFS(Dados!$X:$X,F$1,Dados!$G:$G,$A8,Dados!$R:$R,Dados!$Z$372,Dados!$O:$O,Dados!$Z$381)+COUNTIFS(Dados!$X:$X,F$1,Dados!$G:$G,$A8,Dados!$R:$R,Dados!$Z$373,Dados!$O:$O,Dados!$Z$381)+COUNTIFS(Dados!$X:$X,F$1,Dados!$G:$G,$A8,Dados!$R:$R,Dados!$Z$374,Dados!$O:$O,Dados!$Z$381)+COUNTIFS(Dados!$X:$X,F$1,Dados!$G:$G,$A8,Dados!$R:$R,Dados!$Z$375,Dados!$O:$O,Dados!$Z$381)+COUNTIFS(Dados!$X:$X,F$1,Dados!$G:$G,$A8,Dados!$R:$R,Dados!$Z$376,Dados!$O:$O,Dados!$Z$381)+COUNTIFS(Dados!$X:$X,F$1,Dados!$G:$G,$A8,Dados!$R:$R,Dados!$Z$377,Dados!$O:$O,Dados!$Z$381)+COUNTIFS(Dados!$X:$X,F$1,Dados!$G:$G,$A8,Dados!$R:$R,Dados!$Z$378,Dados!$O:$O,Dados!$Z$381)+COUNTIFS(Dados!$X:$X,F$1,Dados!$G:$G,$A8,Dados!$R:$R,Dados!$Z$379,Dados!$O:$O,Dados!$Z$381)+COUNTIFS(Dados!$X:$X,F$1,Dados!$G:$G,$A8,Dados!$R:$R,Dados!$Z$380,Dados!$O:$O,Dados!$Z$381) -> 0 | G8: =COUNTIFS(Dados!$X:$X,G$1,Dados!$G:$G,$A8,Dados!$R:$R,Dados!$Z$370,Dados!$O:$O,Dados!$Z$381)+COUNTIFS(Dados!$X:$X,G$1,Dados!$G:$G,$A8,Dados!$R:$R,Dados!$Z$371,Dados!$O:$O,Dados!$Z$381)+COUNTIFS(Dados!$X:$X,G$1,Dados!$G:$G,$A8,Dados!$R:$R,Dados!$Z$372,Dados!$O:$O,Dados!$Z$381)+COUNTIFS(Dados!$X:$X,G$1,Dados!$G:$G,$A8,Dados!$R:$R,Dados!$Z$373,Dados!$O:$O,Dados!$Z$381)+COUNTIFS(Dados!$X:$X,G$1,Dados!$G:$G,$A8,Dados!$R:$R,Dados!$Z$374,Dados!$O:$O,Dados!$Z$381)+COUNTIFS(Dados!$X:$X,G$1,Dados!$G:$G,$A8,Dados!$R:$R,Dados!$Z$375,Dados!$O:$O,Dados!$Z$381)+COUNTIFS(Dados!$X:$X,G$1,Dados!$G:$G,$A8,Dados!$R:$R,Dados!$Z$376,Dados!$O:$O,Dados!$Z$381)+COUNTIFS(Dados!$X:$X,G$1,Dados!$G:$G,$A8,Dados!$R:$R,Dados!$Z$377,Dados!$O:$O,Dados!$Z$381)+COUNTIFS(Dados!$X:$X,G$1,Dados!$G:$G,$A8,Dados!$R:$R,Dados!$Z$378,Dados!$O:$O,Dados!$Z$381)+COUNTIFS(Dados!$X:$X,G$1,Dados!$G:$G,$A8,Dados!$R:$R,Dados!$Z$379,Dados!$O:$O,Dados!$Z$381)+COUNTIFS(Dados!$X:$X,G$1,Dados!$G:$G,$A8,Dados!$R:$R,Dados!$Z$380,Dados!$O:$O,Dados!$Z$381) -> 0 | H8: =COUNTIFS(Dados!$X:$X,H$1,Dados!$G:$G,$A8,Dados!$R:$R,Dados!$Z$370,Dados!$O:$O,Dados!$Z$381)+COUNTIFS(Dados!$X:$X,H$1,Dados!$G:$G,$A8,Dados!$R:$R,Dados!$Z$371,Dados!$O:$O,Dados!$Z$381)+COUNTIFS(Dados!$X:$X,H$1,Dados!$G:$G,$A8,Dados!$R:$R,Dados!$Z$372,Dados!$O:$O,Dados!$Z$381)+COUNTIFS(Dados!$X:$X,H$1,Dados!$G:$G,$A8,Dados!$R:$R,Dados!$Z$373,Dados!$O:$O,Dados!$Z$381)+COUNTIFS(Dados!$X:$X,H$1,Dados!$G:$G,$A8,Dados!$R:$R,Dados!$Z$374,Dados!$O:$O,Dados!$Z$381)+COUNTIFS(Dados!$X:$X,H$1,Dados!$G:$G,$A8,Dados!$R:$R,Dados!$Z$375,Dados!$O:$O,Dados!$Z$381)+COUNTIFS(Dados!$X:$X,H$1,Dados!$G:$G,$A8,Dados!$R:$R,Dados!$Z$376,Dados!$O:$O,Dados!$Z$381)+COUNTIFS(Dados!$X:$X,H$1,Dados!$G:$G,$A8,Dados!$R:$R,Dados!$Z$377,Dados!$O:$O,Dados!$Z$381)+COUNTIFS(Dados!$X:$X,H$1,Dados!$G:$G,$A8,Dados!$R:$R,Dados!$Z$378,Dados!$O:$O,Dados!$Z$381)+COUNTIFS(Dados!$X:$X,H$1,Dados!$G:$G,$A8,Dados!$R:$R,Dados!$Z$379,Dados!$O:$O,Dados!$Z$381)+COUNTIFS(Dados!$X:$X,H$1,Dados!$G:$G,$A8,Dados!$R:$R,Dados!$Z$380,Dados!$O:$O,Dados!$Z$381) -> 0 | I8: =COUNTIFS(Dados!$X:$X,I$1,Dados!$G:$G,$A8,Dados!$R:$R,Dados!$Z$370,Dados!$O:$O,Dados!$Z$381)+COUNTIFS(Dados!$X:$X,I$1,Dados!$G:$G,$A8,Dados!$R:$R,Dados!$Z$371,Dados!$O:$O,Dados!$Z$381)+COUNTIFS(Dados!$X:$X,I$1,Dados!$G:$G,$A8,Dados!$R:$R,Dados!$Z$372,Dados!$O:$O,Dados!$Z$381)+COUNTIFS(Dados!$X:$X,I$1,Dados!$G:$G,$A8,Dados!$R:$R,Dados!$Z$373,Dados!$O:$O,Dados!$Z$381)+COUNTIFS(Dados!$X:$X,I$1,Dados!$G:$G,$A8,Dados!$R:$R,Dados!$Z$374,Dados!$O:$O,Dados!$Z$381)+COUNTIFS(Dados!$X:$X,I$1,Dados!$G:$G,$A8,Dados!$R:$R,Dados!$Z$375,Dados!$O:$O,Dados!$Z$381)+COUNTIFS(Dados!$X:$X,I$1,Dados!$G:$G,$A8,Dados!$R:$R,Dados!$Z$376,Dados!$O:$O,Dados!$Z$381)+COUNTIFS(Dados!$X:$X,I$1,Dados!$G:$G,$A8,Dados!$R:$R,Dados!$Z$377,Dados!$O:$O,Dados!$Z$381)+COUNTIFS(Dados!$X:$X,I$1,Dados!$G:$G,$A8,Dados!$R:$R,Dados!$Z$378,Dados!$O:$O,Dados!$Z$381)+COUNTIFS(Dados!$X:$X,I$1,Dados!$G:$G,$A8,Dados!$R:$R,Dados!$Z$379,Dados!$O:$O,Dados!$Z$381)+COUNTIFS(Dados!$X:$X,I$1,Dados!$G:$G,$A8,Dados!$R:$R,Dados!$Z$380,Dados!$O:$O,Dados!$Z$381) -> 0 | J8: =COUNTIFS(Dados!$X:$X,J$1,Dados!$G:$G,$A8,Dados!$R:$R,Dados!$Z$370,Dados!$O:$O,Dados!$Z$381)+COUNTIFS(Dados!$X:$X,J$1,Dados!$G:$G,$A8,Dados!$R:$R,Dados!$Z$371,Dados!$O:$O,Dados!$Z$381)+COUNTIFS(Dados!$X:$X,J$1,Dados!$G:$G,$A8,Dados!$R:$R,Dados!$Z$372,Dados!$O:$O,Dados!$Z$381)+COUNTIFS(Dados!$X:$X,J$1,Dados!$G:$G,$A8,Dados!$R:$R,Dados!$Z$373,Dados!$O:$O,Dados!$Z$381)+COUNTIFS(Dados!$X:$X,J$1,Dados!$G:$G,$A8,Dados!$R:$R,Dados!$Z$374,Dados!$O:$O,Dados!$Z$381)+COUNTIFS(Dados!$X:$X,J$1,Dados!$G:$G,$A8,Dados!$R:$R,Dados!$Z$375,Dados!$O:$O,Dados!$Z$381)+COUNTIFS(Dados!$X:$X,J$1,Dados!$G:$G,$A8,Dados!$R:$R,Dados!$Z$376,Dados!$O:$O,Dados!$Z$381)+COUNTIFS(Dados!$X:$X,J$1,Dados!$G:$G,$A8,Dados!$R:$R,Dados!$Z$377,Dados!$O:$O,Dados!$Z$381)+COUNTIFS(Dados!$X:$X,J$1,Dados!$G:$G,$A8,Dados!$R:$R,Dados!$Z$378,Dados!$O:$O,Dados!$Z$381)+COUNTIFS(Dados!$X:$X,J$1,Dados!$G:$G,$A8,Dados!$R:$R,Dados!$Z$379,Dados!$O:$O,Dados!$Z$381)+COUNTIFS(Dados!$X:$X,J$1,Dados!$G:$G,$A8,Dados!$R:$R,Dados!$Z$380,Dados!$O:$O,Dados!$Z$381) -> 0 | ... N8: =COUNTIFS(Dados!$X:$X,N$1,Dados!$G:$G,$A8,Dados!$R:$R,Dados!$Z$370,Dados!$O:$O,Dados!$Z$381)+COUNTIFS(Dados!$X:$X,N$1,Dados!$G:$G,$A8,Dados!$R:$R,Dados!$Z$371,Dados!$O:$O,Dados!$Z$381)+COUNTIFS(Dados!$X:$X,N$1,Dados!$G:$G,$A8,Dados!$R:$R,Dados!$Z$372,Dados!$O:$O,Dados!$Z$381)+COUNTIFS(Dados!$X:$X,N$1,Dados!$G:$G,$A8,Dados!$R:$R,Dados!$Z$373,Dados!$O:$O,Dados!$Z$381)+COUNTIFS(Dados!$X:$X,N$1,Dados!$G:$G,$A8,Dados!$R:$R,Dados!$Z$374,Dados!$O:$O,Dados!$Z$381)+COUNTIFS(Dados!$X:$X,N$1,Dados!$G:$G,$A8,Dados!$R:$R,Dados!$Z$375,Dados!$O:$O,Dados!$Z$381)+COUNTIFS(Dados!$X:$X,N$1,Dados!$G:$G,$A8,Dados!$R:$R,Dados!$Z$376,Dados!$O:$O,Dados!$Z$381)+COUNTIFS(Dados!$X:$X,N$1,Dados!$G:$G,$A8,Dados!$R:$R,Dados!$Z$377,Dados!$O:$O,Dados!$Z$381)+COUNTIFS(Dados!$X:$X,N$1,Dados!$G:$G,$A8,Dados!$R:$R,Dados!$Z$378,Dados!$O:$O,Dados!$Z$381)+COUNTIFS(Dados!$X:$X,N$1,Dados!$G:$G,$A8,Dados!$R:$R,Dados!$Z$379,Dados!$O:$O,Dados!$Z$381)+COUNTIFS(Dados!$X:$X,N$1,Dados!$G:$G,$A8,Dados!$R:$R,Dados!$Z$380,Dados!$O:$O,Dados!$Z$381) -> 1 | O8: =COUNTIFS(Dados!$X:$X,P$1,Dados!$G:$G,$A8,Dados!$R:$R,Dados!$Z$370,Dados!$O:$O,Dados!$Z$381,Dados!$AA:$AA,'RESUMO MENSAL'!$Q$1)+ COUNTIFS(Dados!$X:$X,P$1,Dados!$G:$G,$A8,Dados!$R:$R,Dados!$Z$371,Dados!$O:$O,Dados!$Z$381,Dados!$AA:$AA,'RESUMO MENSAL'!$Q$1)+ COUNTIFS(Dados!$X:$X,P$1,Dados!$G:$G,$A8,Dados!$R:$R,Dados!$Z$372,Dados!$O:$O,Dados!$Z$381,Dados!$AA:$AA,'RESUMO MENSAL'!$Q$1)+ COUNTIFS(Dados!$X:$X,P$1,Dados!$G:$G,$A8,Dados!$R:$R,Dados!$Z$373,Dados!$O:$O,Dados!$Z$381,Dados!$AA:$AA,'RESUMO MENSAL'!$Q$1)+ COUNTIFS(Dados!$X:$X,P$1,Dados!$G:$G,$A8,Dados!$R:$R,Dados!$Z$374,Dados!$O:$O,Dados!$Z$381,Dados!$AA:$AA,'RESUMO MENSAL'!$Q$1)+ COUNTIFS(Dados!$X:$X,P$1,Dados!$G:$G,$A8,Dados!$R:$R,Dados!$Z$375,Dados!$O:$O,Dados!$Z$381,Dados!$AA:$AA,'RESUMO MENSAL'!$Q$1)+ COUNTIFS(Dados!$X:$X,P$1,Dados!$G:$G,$A8,Dados!$R:$R,Dados!$Z$376,Dados!$O:$O,Dados!$Z$381,Dados!$AA:$AA,'RESUMO MENSAL'!$Q$1)+ COUNTIFS(Dados!$X:$X,P$1,Dados!$G:$G,$A8,Dados!$R:$R,Dados!$Z$377,Dados!$O:$O,Dados!$Z$381,Dados!$AA:$AA,'RESUMO MENSAL'!$Q$1)+ COUNTIFS(Dados!$X:$X,P$1,Dados!$G:$G,$A8,Dados!$R:$R,Dados!$Z$378,Dados!$O:$O,Dados!$Z$381,Dados!$AA:$AA,'RESUMO MENSAL'!$Q$1)+ COUNTIFS(Dados!$X:$X,P$1,Dados!$G:$G,$A8,Dados!$R:$R,Dados!$Z$379,Dados!$O:$O,Dados!$Z$381,Dados!$AA:$AA,'RESUMO MENSAL'!$Q$1)+ COUNTIFS(Dados!$X:$X,P$1,Dados!$G:$G,$A8,Dados!$R:$R,Dados!$Z$380,Dados!$O:$O,Dados!$Z$381,Dados!$AA:$AA,'RESUMO MENSAL'!$Q$1) -> 0 | P8: =SUM(C8:N8)-O8 -> 1
A9: 56 | B9: =VLOOKUP(A9,LOCAL,2,0) -> UBERLANDIA | C9: =COUNTIFS(Dados!$X:$X,C$1,Dados!$G:$G,$A9,Dados!$R:$R,Dados!$Z$370,Dados!$O:$O,Dados!$Z$381)+COUNTIFS(Dados!$X:$X,C$1,Dados!$G:$G,$A9,Dados!$R:$R,Dados!$Z$371,Dados!$O:$O,Dados!$Z$381)+COUNTIFS(Dados!$X:$X,C$1,Dados!$G:$G,$A9,Dados!$R:$R,Dados!$Z$372,Dados!$O:$O,Dados!$Z$381)+COUNTIFS(Dados!$X:$X,C$1,Dados!$G:$G,$A9,Dados!$R:$R,Dados!$Z$373,Dados!$O:$O,Dados!$Z$381)+COUNTIFS(Dados!$X:$X,C$1,Dados!$G:$G,$A9,Dados!$R:$R,Dados!$Z$374,Dados!$O:$O,Dados!$Z$381)+COUNTIFS(Dados!$X:$X,C$1,Dados!$G:$G,$A9,Dados!$R:$R,Dados!$Z$375,Dados!$O:$O,Dados!$Z$381)+COUNTIFS(Dados!$X:$X,C$1,Dados!$G:$G,$A9,Dados!$R:$R,Dados!$Z$376,Dados!$O:$O,Dados!$Z$381)+COUNTIFS(Dados!$X:$X,C$1,Dados!$G:$G,$A9,Dados!$R:$R,Dados!$Z$377,Dados!$O:$O,Dados!$Z$381)+COUNTIFS(Dados!$X:$X,C$1,Dados!$G:$G,$A9,Dados!$R:$R,Dados!$Z$378,Dados!$O:$O,Dados!$Z$381)+COUNTIFS(Dados!$X:$X,C$1,Dados!$G:$G,$A9,Dados!$R:$R,Dados!$Z$379,Dados!$O:$O,Dados!$Z$381)+COUNTIFS(Dados!$X:$X,C$1,Dados!$G:$G,$A9,Dados!$R:$R,Dados!$Z$380,Dados!$O:$O,Dados!$Z$381) -> 0 | D9: =COUNTIFS(Dados!$X:$X,D$1,Dados!$G:$G,$A9,Dados!$R:$R,Dados!$Z$370,Dados!$O:$O,Dados!$Z$381)+COUNTIFS(Dados!$X:$X,D$1,Dados!$G:$G,$A9,Dados!$R:$R,Dados!$Z$371,Dados!$O:$O,Dados!$Z$381)+COUNTIFS(Dados!$X:$X,D$1,Dados!$G:$G,$A9,Dados!$R:$R,Dados!$Z$372,Dados!$O:$O,Dados!$Z$381)+COUNTIFS(Dados!$X:$X,D$1,Dados!$G:$G,$A9,Dados!$R:$R,Dados!$Z$373,Dados!$O:$O,Dados!$Z$381)+COUNTIFS(Dados!$X:$X,D$1,Dados!$G:$G,$A9,Dados!$R:$R,Dados!$Z$374,Dados!$O:$O,Dados!$Z$381)+COUNTIFS(Dados!$X:$X,D$1,Dados!$G:$G,$A9,Dados!$R:$R,Dados!$Z$375,Dados!$O:$O,Dados!$Z$381)+COUNTIFS(Dados!$X:$X,D$1,Dados!$G:$G,$A9,Dados!$R:$R,Dados!$Z$376,Dados!$O:$O,Dados!$Z$381)+COUNTIFS(Dados!$X:$X,D$1,Dados!$G:$G,$A9,Dados!$R:$R,Dados!$Z$377,Dados!$O:$O,Dados!$Z$381)+COUNTIFS(Dados!$X:$X,D$1,Dados!$G:$G,$A9,Dados!$R:$R,Dados!$Z$378,Dados!$O:$O,Dados!$Z$381)+COUNTIFS(Dados!$X:$X,D$1,Dados!$G:$G,$A9,Dados!$R:$R,Dados!$Z$379,Dados!$O:$O,Dados!$Z$381)+COUNTIFS(Dados!$X:$X,D$1,Dados!$G:$G,$A9,Dados!$R:$R,Dados!$Z$380,Dados!$O:$O,Dados!$Z$381) -> 18 | E9: =COUNTIFS(Dados!$X:$X,E$1,Dados!$G:$G,$A9,Dados!$R:$R,Dados!$Z$370,Dados!$O:$O,Dados!$Z$381)+COUNTIFS(Dados!$X:$X,E$1,Dados!$G:$G,$A9,Dados!$R:$R,Dados!$Z$371,Dados!$O:$O,Dados!$Z$381)+COUNTIFS(Dados!$X:$X,E$1,Dados!$G:$G,$A9,Dados!$R:$R,Dados!$Z$372,Dados!$O:$O,Dados!$Z$381)+COUNTIFS(Dados!$X:$X,E$1,Dados!$G:$G,$A9,Dados!$R:$R,Dados!$Z$373,Dados!$O:$O,Dados!$Z$381)+COUNTIFS(Dados!$X:$X,E$1,Dados!$G:$G,$A9,Dados!$R:$R,Dados!$Z$374,Dados!$O:$O,Dados!$Z$381)+COUNTIFS(Dados!$X:$X,E$1,Dados!$G:$G,$A9,Dados!$R:$R,Dados!$Z$375,Dados!$O:$O,Dados!$Z$381)+COUNTIFS(Dados!$X:$X,E$1,Dados!$G:$G,$A9,Dados!$R:$R,Dados!$Z$376,Dados!$O:$O,Dados!$Z$381)+COUNTIFS(Dados!$X:$X,E$1,Dados!$G:$G,$A9,Dados!$R:$R,Dados!$Z$377,Dados!$O:$O,Dados!$Z$381)+COUNTIFS(Dados!$X:$X,E$1,Dados!$G:$G,$A9,Dados!$R:$R,Dados!$Z$378,Dados!$O:$O,Dados!$Z$381)+COUNTIFS(Dados!$X:$X,E$1,Dados!$G:$G,$A9,Dados!$R:$R,Dados!$Z$379,Dados!$O:$O,Dados!$Z$381)+COUNTIFS(Dados!$X:$X,E$1,Dados!$G:$G,$A9,Dados!$R:$R,Dados!$Z$380,Dados!$O:$O,Dados!$Z$381) -> 54 | F9: =COUNTIFS(Dados!$X:$X,F$1,Dados!$G:$G,$A9,Dados!$R:$R,Dados!$Z$370,Dados!$O:$O,Dados!$Z$381)+COUNTIFS(Dados!$X:$X,F$1,Dados!$G:$G,$A9,Dados!$R:$R,Dados!$Z$371,Dados!$O:$O,Dados!$Z$381)+COUNTIFS(Dados!$X:$X,F$1,Dados!$G:$G,$A9,Dados!$R:$R,Dados!$Z$372,Dados!$O:$O,Dados!$Z$381)+COUNTIFS(Dados!$X:$X,F$1,Dados!$G:$G,$A9,Dados!$R:$R,Dados!$Z$373,Dados!$O:$O,Dados!$Z$381)+COUNTIFS(Dados!$X:$X,F$1,Dados!$G:$G,$A9,Dados!$R:$R,Dados!$Z$374,Dados!$O:$O,Dados!$Z$381)+COUNTIFS(Dados!$X:$X,F$1,Dados!$G:$G,$A9,Dados!$R:$R,Dados!$Z$375,Dados!$O:$O,Dados!$Z$381)+COUNTIFS(Dados!$X:$X,F$1,Dados!$G:$G,$A9,Dados!$R:$R,Dados!$Z$376,Dados!$O:$O,Dados!$Z$381)+COUNTIFS(Dados!$X:$X,F$1,Dados!$G:$G,$A9,Dados!$R:$R,Dados!$Z$377,Dados!$O:$O,Dados!$Z$381)+COUNTIFS(Dados!$X:$X,F$1,Dados!$G:$G,$A9,Dados!$R:$R,Dados!$Z$378,Dados!$O:$O,Dados!$Z$381)+COUNTIFS(Dados!$X:$X,F$1,Dados!$G:$G,$A9,Dados!$R:$R,Dados!$Z$379,Dados!$O:$O,Dados!$Z$381)+COUNTIFS(Dados!$X:$X,F$1,Dados!$G:$G,$A9,Dados!$R:$R,Dados!$Z$380,Dados!$O:$O,Dados!$Z$381) -> 10 | G9: =COUNTIFS(Dados!$X:$X,G$1,Dados!$G:$G,$A9,Dados!$R:$R,Dados!$Z$370,Dados!$O:$O,Dados!$Z$381)+COUNTIFS(Dados!$X:$X,G$1,Dados!$G:$G,$A9,Dados!$R:$R,Dados!$Z$371,Dados!$O:$O,Dados!$Z$381)+COUNTIFS(Dados!$X:$X,G$1,Dados!$G:$G,$A9,Dados!$R:$R,Dados!$Z$372,Dados!$O:$O,Dados!$Z$381)+COUNTIFS(Dados!$X:$X,G$1,Dados!$G:$G,$A9,Dados!$R:$R,Dados!$Z$373,Dados!$O:$O,Dados!$Z$381)+COUNTIFS(Dados!$X:$X,G$1,Dados!$G:$G,$A9,Dados!$R:$R,Dados!$Z$374,Dados!$O:$O,Dados!$Z$381)+COUNTIFS(Dados!$X:$X,G$1,Dados!$G:$G,$A9,Dados!$R:$R,Dados!$Z$375,Dados!$O:$O,Dados!$Z$381)+COUNTIFS(Dados!$X:$X,G$1,Dados!$G:$G,$A9,Dados!$R:$R,Dados!$Z$376,Dados!$O:$O,Dados!$Z$381)+COUNTIFS(Dados!$X:$X,G$1,Dados!$G:$G,$A9,Dados!$R:$R,Dados!$Z$377,Dados!$O:$O,Dados!$Z$381)+COUNTIFS(Dados!$X:$X,G$1,Dados!$G:$G,$A9,Dados!$R:$R,Dados!$Z$378,Dados!$O:$O,Dados!$Z$381)+COUNTIFS(Dados!$X:$X,G$1,Dados!$G:$G,$A9,Dados!$R:$R,Dados!$Z$379,Dados!$O:$O,Dados!$Z$381)+COUNTIFS(Dados!$X:$X,G$1,Dados!$G:$G,$A9,Dados!$R:$R,Dados!$Z$380,Dados!$O:$O,Dados!$Z$381) -> 63 | H9: =COUNTIFS(Dados!$X:$X,H$1,Dados!$G:$G,$A9,Dados!$R:$R,Dados!$Z$370,Dados!$O:$O,Dados!$Z$381)+COUNTIFS(Dados!$X:$X,H$1,Dados!$G:$G,$A9,Dados!$R:$R,Dados!$Z$371,Dados!$O:$O,Dados!$Z$381)+COUNTIFS(Dados!$X:$X,H$1,Dados!$G:$G,$A9,Dados!$R:$R,Dados!$Z$372,Dados!$O:$O,Dados!$Z$381)+COUNTIFS(Dados!$X:$X,H$1,Dados!$G:$G,$A9,Dados!$R:$R,Dados!$Z$373,Dados!$O:$O,Dados!$Z$381)+COUNTIFS(Dados!$X:$X,H$1,Dados!$G:$G,$A9,Dados!$R:$R,Dados!$Z$374,Dados!$O:$O,Dados!$Z$381)+COUNTIFS(Dados!$X:$X,H$1,Dados!$G:$G,$A9,Dados!$R:$R,Dados!$Z$375,Dados!$O:$O,Dados!$Z$381)+COUNTIFS(Dados!$X:$X,H$1,Dados!$G:$G,$A9,Dados!$R:$R,Dados!$Z$376,Dados!$O:$O,Dados!$Z$381)+COUNTIFS(Dados!$X:$X,H$1,Dados!$G:$G,$A9,Dados!$R:$R,Dados!$Z$377,Dados!$O:$O,Dados!$Z$381)+COUNTIFS(Dados!$X:$X,H$1,Dados!$G:$G,$A9,Dados!$R:$R,Dados!$Z$378,Dados!$O:$O,Dados!$Z$381)+COUNTIFS(Dados!$X:$X,H$1,Dados!$G:$G,$A9,Dados!$R:$R,Dados!$Z$379,Dados!$O:$O,Dados!$Z$381)+COUNTIFS(Dados!$X:$X,H$1,Dados!$G:$G,$A9,Dados!$R:$R,Dados!$Z$380,Dados!$O:$O,Dados!$Z$381) -> 0 | I9: =COUNTIFS(Dados!$X:$X,I$1,Dados!$G:$G,$A9,Dados!$R:$R,Dados!$Z$370,Dados!$O:$O,Dados!$Z$381)+COUNTIFS(Dados!$X:$X,I$1,Dados!$G:$G,$A9,Dados!$R:$R,Dados!$Z$371,Dados!$O:$O,Dados!$Z$381)+COUNTIFS(Dados!$X:$X,I$1,Dados!$G:$G,$A9,Dados!$R:$R,Dados!$Z$372,Dados!$O:$O,Dados!$Z$381)+COUNTIFS(Dados!$X:$X,I$1,Dados!$G:$G,$A9,Dados!$R:$R,Dados!$Z$373,Dados!$O:$O,Dados!$Z$381)+COUNTIFS(Dados!$X:$X,I$1,Dados!$G:$G,$A9,Dados!$R:$R,Dados!$Z$374,Dados!$O:$O,Dados!$Z$381)+COUNTIFS(Dados!$X:$X,I$1,Dados!$G:$G,$A9,Dados!$R:$R,Dados!$Z$375,Dados!$O:$O,Dados!$Z$381)+COUNTIFS(Dados!$X:$X,I$1,Dados!$G:$G,$A9,Dados!$R:$R,Dados!$Z$376,Dados!$O:$O,Dados!$Z$381)+COUNTIFS(Dados!$X:$X,I$1,Dados!$G:$G,$A9,Dados!$R:$R,Dados!$Z$377,Dados!$O:$O,Dados!$Z$381)+COUNTIFS(Dados!$X:$X,I$1,Dados!$G:$G,$A9,Dados!$R:$R,Dados!$Z$378,Dados!$O:$O,Dados!$Z$381)+COUNTIFS(Dados!$X:$X,I$1,Dados!$G:$G,$A9,Dados!$R:$R,Dados!$Z$379,Dados!$O:$O,Dados!$Z$381)+COUNTIFS(Dados!$X:$X,I$1,Dados!$G:$G,$A9,Dados!$R:$R,Dados!$Z$380,Dados!$O:$O,Dados!$Z$381) -> 0 | J9: =COUNTIFS(Dados!$X:$X,J$1,Dados!$G:$G,$A9,Dados!$R:$R,Dados!$Z$370,Dados!$O:$O,Dados!$Z$381)+COUNTIFS(Dados!$X:$X,J$1,Dados!$G:$G,$A9,Dados!$R:$R,Dados!$Z$371,Dados!$O:$O,Dados!$Z$381)+COUNTIFS(Dados!$X:$X,J$1,Dados!$G:$G,$A9,Dados!$R:$R,Dados!$Z$372,Dados!$O:$O,Dados!$Z$381)+COUNTIFS(Dados!$X:$X,J$1,Dados!$G:$G,$A9,Dados!$R:$R,Dados!$Z$373,Dados!$O:$O,Dados!$Z$381)+COUNTIFS(Dados!$X:$X,J$1,Dados!$G:$G,$A9,Dados!$R:$R,Dados!$Z$374,Dados!$O:$O,Dados!$Z$381)+COUNTIFS(Dados!$X:$X,J$1,Dados!$G:$G,$A9,Dados!$R:$R,Dados!$Z$375,Dados!$O:$O,Dados!$Z$381)+COUNTIFS(Dados!$X:$X,J$1,Dados!$G:$G,$A9,Dados!$R:$R,Dados!$Z$376,Dados!$O:$O,Dados!$Z$381)+COUNTIFS(Dados!$X:$X,J$1,Dados!$G:$G,$A9,Dados!$R:$R,Dados!$Z$377,Dados!$O:$O,Dados!$Z$381)+COUNTIFS(Dados!$X:$X,J$1,Dados!$G:$G,$A9,Dados!$R:$R,Dados!$Z$378,Dados!$O:$O,Dados!$Z$381)+COUNTIFS(Dados!$X:$X,J$1,Dados!$G:$G,$A9,Dados!$R:$R,Dados!$Z$379,Dados!$O:$O,Dados!$Z$381)+COUNTIFS(Dados!$X:$X,J$1,Dados!$G:$G,$A9,Dados!$R:$R,Dados!$Z$380,Dados!$O:$O,Dados!$Z$381) -> 0 | ... N9: =COUNTIFS(Dados!$X:$X,N$1,Dados!$G:$G,$A9,Dados!$R:$R,Dados!$Z$370,Dados!$O:$O,Dados!$Z$381)+COUNTIFS(Dados!$X:$X,N$1,Dados!$G:$G,$A9,Dados!$R:$R,Dados!$Z$371,Dados!$O:$O,Dados!$Z$381)+COUNTIFS(Dados!$X:$X,N$1,Dados!$G:$G,$A9,Dados!$R:$R,Dados!$Z$372,Dados!$O:$O,Dados!$Z$381)+COUNTIFS(Dados!$X:$X,N$1,Dados!$G:$G,$A9,Dados!$R:$R,Dados!$Z$373,Dados!$O:$O,Dados!$Z$381)+COUNTIFS(Dados!$X:$X,N$1,Dados!$G:$G,$A9,Dados!$R:$R,Dados!$Z$374,Dados!$O:$O,Dados!$Z$381)+COUNTIFS(Dados!$X:$X,N$1,Dados!$G:$G,$A9,Dados!$R:$R,Dados!$Z$375,Dados!$O:$O,Dados!$Z$381)+COUNTIFS(Dados!$X:$X,N$1,Dados!$G:$G,$A9,Dados!$R:$R,Dados!$Z$376,Dados!$O:$O,Dados!$Z$381)+COUNTIFS(Dados!$X:$X,N$1,Dados!$G:$G,$A9,Dados!$R:$R,Dados!$Z$377,Dados!$O:$O,Dados!$Z$381)+COUNTIFS(Dados!$X:$X,N$1,Dados!$G:$G,$A9,Dados!$R:$R,Dados!$Z$378,Dados!$O:$O,Dados!$Z$381)+COUNTIFS(Dados!$X:$X,N$1,Dados!$G:$G,$A9,Dados!$R:$R,Dados!$Z$379,Dados!$O:$O,Dados!$Z$381)+COUNTIFS(Dados!$X:$X,N$1,Dados!$G:$G,$A9,Dados!$R:$R,Dados!$Z$380,Dados!$O:$O,Dados!$Z$381) -> 0 | O9: =COUNTIFS(Dados!$X:$X,P$1,Dados!$G:$G,$A9,Dados!$R:$R,Dados!$Z$370,Dados!$O:$O,Dados!$Z$381,Dados!$AA:$AA,'RESUMO MENSAL'!$Q$1)+ COUNTIFS(Dados!$X:$X,P$1,Dados!$G:$G,$A9,Dados!$R:$R,Dados!$Z$371,Dados!$O:$O,Dados!$Z$381,Dados!$AA:$AA,'RESUMO MENSAL'!$Q$1)+ COUNTIFS(Dados!$X:$X,P$1,Dados!$G:$G,$A9,Dados!$R:$R,Dados!$Z$372,Dados!$O:$O,Dados!$Z$381,Dados!$AA:$AA,'RESUMO MENSAL'!$Q$1)+ COUNTIFS(Dados!$X:$X,P$1,Dados!$G:$G,$A9,Dados!$R:$R,Dados!$Z$373,Dados!$O:$O,Dados!$Z$381,Dados!$AA:$AA,'RESUMO MENSAL'!$Q$1)+ COUNTIFS(Dados!$X:$X,P$1,Dados!$G:$G,$A9,Dados!$R:$R,Dados!$Z$374,Dados!$O:$O,Dados!$Z$381,Dados!$AA:$AA,'RESUMO MENSAL'!$Q$1)+ COUNTIFS(Dados!$X:$X,P$1,Dados!$G:$G,$A9,Dados!$R:$R,Dados!$Z$375,Dados!$O:$O,Dados!$Z$381,Dados!$AA:$AA,'RESUMO MENSAL'!$Q$1)+ COUNTIFS(Dados!$X:$X,P$1,Dados!$G:$G,$A9,Dados!$R:$R,Dados!$Z$376,Dados!$O:$O,Dados!$Z$381,Dados!$AA:$AA,'RESUMO MENSAL'!$Q$1)+ COUNTIFS(Dados!$X:$X,P$1,Dados!$G:$G,$A9,Dados!$R:$R,Dados!$Z$377,Dados!$O:$O,Dados!$Z$381,Dados!$AA:$AA,'RESUMO MENSAL'!$Q$1)+ COUNTIFS(Dados!$X:$X,P$1,Dados!$G:$G,$A9,Dados!$R:$R,Dados!$Z$378,Dados!$O:$O,Dados!$Z$381,Dados!$AA:$AA,'RESUMO MENSAL'!$Q$1)+ COUNTIFS(Dados!$X:$X,P$1,Dados!$G:$G,$A9,Dados!$R:$R,Dados!$Z$379,Dados!$O:$O,Dados!$Z$381,Dados!$AA:$AA,'RESUMO MENSAL'!$Q$1)+ COUNTIFS(Dados!$X:$X,P$1,Dados!$G:$G,$A9,Dados!$R:$R,Dados!$Z$380,Dados!$O:$O,Dados!$Z$381,Dados!$AA:$AA,'RESUMO MENSAL'!$Q$1) -> 0 | P9: =SUM(C9:N9)-O9 -> 147
